"record_type","cds_code","district","school","status","open_date","charter_yesno","educational_program_type","entity_type","low_grade","high_grade","public_yesno","website","latitude","longitude","street_address","street_city","street_state","street_zip","phone","point","analysis_neighborhood","supervisor_district","data_as_of","data_loaded_at"
"School","38,684,780,119,958","San Francisco Unified","Academy (The)- SF @McAteer","Active","2009/08/24 12:00:00 AM","false","Alternative School of Choice","Alternative Schools of Choice","9","12","true","www.sotacad.org/","37.745874","-122.449984","555 Portola Dr.","San Francisco","CA","94131-1616","(415) 695-5700","POINT (-122.449984 37.745874)","Glen Park","8","2026/02/03 02:02:06 PM","2026/02/06 02:16:51 PM"
"School","38,684,786,930,572","San Francisco Unified","Adda Clevenger School","Active","1980/07/01 12:00:00 AM","false","No Data","Elementary School (Private)","K","8","false","www.addaclevenger.org","37.753680","-122.424159","180 Fair Oaks St.","San Francisco","CA","94110-2927","(415) 824-2240","POINT (-122.424159 37.75368)","Mission","8","2026/02/03 02:02:06 PM","2026/02/06 02:16:51 PM"
"School","38,684,786,040,695","San Francisco Unified","Alamo Elementary","Active","1980/07/01 12:00:00 AM","false","Traditional","Elementary Schools (Public)","K","5","true","No Data","37.783124","-122.482191","250 23rd Ave.","San Francisco","CA","94121-2009","(415) 750-8456","POINT (-122.482191 37.783124)","Outer Richmond","1","2026/02/03 02:02:06 PM","2026/02/06 02:16:51 PM"
"School","38,684,786,168,959","San Francisco Unified","Aloha Micro Academy","Active","2023/12/04 12:00:00 AM","false","No Data","K-12 Schools (Private)","K","12","false","www.alohamicroacademy.org","37.787767","-122.406120","166 Geary Str Ste 1500 #1532","San Francisco","CA","94108-5628","(719) 877-3592","POINT (-122.40612 37.787767)","Financial District/South Beach","3","2026/02/03 02:02:06 PM","2026/02/06 02:16:51 PM"
"School","38,684,786,172,357","San Francisco Unified","Alpha School San Francisco","Active","2025/08/25 12:00:00 AM","false","No Data","Elementary School (Private)","K","8","false","https://alpha.school/san-francisco/","37.804570","-122.433941","3741 Buchanan St","San Francisco","CA","94123-1710","(512) 595-0801","POINT (-122.433941 37.80457)","Marina","2","2026/02/03 02:02:06 PM","2026/02/06 02:16:51 PM"
"School","38,684,786,140,099","San Francisco Unified","Alta Vista School","Active","2011/03/21 12:00:00 AM","false","No Data","Elementary School (Private)","K","8","false","www.altavistaschool.org","37.725947","-122.407310","450 Somerset St.","San Francisco","CA","94134-1724","(415) 467-3700","POINT (-122.40731 37.725947)","Portola","9","2026/02/03 02:02:06 PM","2026/02/06 02:16:51 PM"
"School","38,684,786,040,703","San Francisco Unified","Alvarado Elementary","Active","1980/07/01 12:00:00 AM","false","Traditional","Elementary Schools (Public)","K","5","true","No Data","37.753675","-122.438734","625 Douglas St.","San Francisco","CA","94114-3140","(415) 695-5695","POINT (-122.438734 37.753675)","Noe Valley","8","2026/02/03 02:02:06 PM","2026/02/06 02:16:51 PM"
"School","38,684,786,062,020","San Francisco Unified","Aptos Middle","Active","1980/07/01 12:00:00 AM","false","Traditional","Intermediate/Middle Schools (Public)","6","8","true","No Data","37.730234","-122.466233","105 Aptos Ave.","San Francisco","CA","94127-2520","(415) 469-4520","POINT (-122.466233 37.730234)","West of Twin Peaks","7","2026/02/03 02:02:06 PM","2026/02/06 02:16:51 PM"
"School","38,684,786,939,730","San Francisco Unified","Archbishop Riordan High School","Active","1980/07/01 12:00:00 AM","false","No Data","High Schools (Private)","9","12","false","www.riordanhs.org","37.728235","-122.453418","175 Frida Kahlo Way","San Francisco","CA","94112-1822","(415) 586-8200","POINT (-122.453418 37.728235)","West of Twin Peaks","7","2026/02/03 02:02:06 PM","2026/02/06 02:16:51 PM"
"School","38,684,786,040,737","San Francisco Unified","Argonne Elementary","Active","1980/07/01 12:00:00 AM","false","Traditional","Elementary Schools (Public)","K","5","true","No Data","37.775150","-122.476799","680 18th Ave.","San Francisco","CA","94121-3818","(415) 750-8460","POINT (-122.476799 37.77515)","Outer Richmond","1","2026/02/03 02:02:06 PM","2026/02/06 02:16:51 PM"
"School","38,684,787,019,417","San Francisco Unified","Arise Educational Center","Active","1980/07/01 12:00:00 AM","false","Nonpublic Certified School","K-12 Schools (Private)","K","12","false","www.ariseeducationalcenter.com","37.750495","-122.394874","1760 Cesar Chavez St., Ste. Rs","San Francisco","CA","94124-1136","(415) 641-1878","POINT (-122.394874 37.750495)","Bayview Hunters Point","10","2026/02/03 02:02:06 PM","2026/02/06 02:16:51 PM"
"School","38,684,783,830,387","San Francisco Unified","Asawa (Ruth) SF Sch of the Arts, A Public School","Active","1992/09/01 12:00:00 AM","false","Alternative School of Choice","Alternative Schools of Choice","9","12","true","No Data","37.745874","-122.449984","555 Portola Dr.","San Francisco","CA","94131-1616","(415) 695-5700","POINT (-122.449984 37.745874)","Glen Park","8","2026/02/03 02:02:06 PM","2026/02/06 02:16:51 PM"
"School","38,684,786,206,007","San Francisco Unified","Bais Menacham Yeshiva Day School","Active","2005/05/24 12:00:00 AM","false","No Data","Elementary School (Private)","K","8","false","www.bmyds.org","37.773614","-122.487198","834 28th Ave.","San Francisco","CA","94121-3514","(415) 636-9770","POINT (-122.487198 37.773614)","Outer Richmond","1","2026/02/03 02:02:06 PM","2026/02/06 02:16:51 PM"
"School","38,684,783,830,288","San Francisco Unified","Balboa High","Active","1980/07/01 12:00:00 AM","false","Traditional","High Schools (Public)","9","12","true","No Data","37.722073","-122.439853","1000 Cayuga Ave.","San Francisco","CA","94112-3236","(415) 469-4090","POINT (-122.439853 37.722073)","Outer Mission","11","2026/02/03 02:02:06 PM","2026/02/06 02:16:51 PM"
"School","38,684,786,170,153","San Francisco Unified","Bertrand D Hsu American & Chinese Bicultural Academy","Active","2024/08/13 12:00:00 AM","false","No Data","Elementary School (Private)","K","8","false","www.berthsuacademy.org","37.760533","-122.398021","455 Arkansas St.","San Francisco","CA","94107-2813","(415) 688-7827","POINT (-122.398021 37.760533)","Potrero Hill","10","2026/02/03 02:02:06 PM","2026/02/06 02:16:51 PM"
"School","38,684,786,169,445","San Francisco Unified","Bloomington Pre-University Education","Active","2024/03/19 12:00:00 AM","false","No Data","High Schools (Private)","K","12","false","http://www.bu.edu.cw","37.787767","-122.406120","166 Geary Str Ste 1500","San Francisco","CA","94108-5628","(412) 742-5762","POINT (-122.40612 37.787767)","Financial District/South Beach","3","2026/02/03 02:02:06 PM","2026/02/06 02:16:51 PM"
"School","38,684,786,142,079","San Francisco Unified","Brightworks School","Active","2011/10/03 12:00:00 AM","false","No Data","Elementary School (Private)","K","12","false","sfbrightworks.org","37.800303","-122.468741","682 Schofield Rd","San Francisco","CA","94129-1198","(415) 701-8700","POINT (-122.468741 37.800303)","Presidio","2","2026/02/03 02:02:06 PM","2026/02/06 02:16:51 PM"
"School","38,684,786,170,146","San Francisco Unified","Brilliant Microschool","Active","2024/08/13 12:00:00 AM","false","No Data","K-12 Schools (Private)","1","12","false","Brilliantgrades.com","37.777794","-122.436875","859 Scott St.","San Francisco","CA","94117-1641","(415) 271-3029","POINT (-122.436875 37.777794)","Western Addition","5","2026/02/03 02:02:06 PM","2026/02/06 02:16:51 PM"
"School","38,684,780,132,241","San Francisco Unified","Brown Jr. (Willie L) Middle","Active","2015/08/17 12:00:00 AM","false","Traditional","Intermediate/Middle Schools (Public)","6","8","true","No Data","37.735911","-122.399692","2055 Silver Ave.","San Francisco","CA","94122-2032","(415) 642-8901","POINT (-122.399692 37.735911)","Bayview Hunters Point","10","2026/02/03 02:02:06 PM","2026/02/06 02:16:51 PM"
"School","38,684,786,040,778","San Francisco Unified","Bryant Elementary","Active","1980/07/01 12:00:00 AM","false","Traditional","Elementary Schools (Public)","K","5","true","No Data","37.751628","-122.404906","2641 25th St.","San Francisco","CA","94110-3514","(415) 695-5780","POINT (-122.404906 37.751628)","Mission","9","2026/02/03 02:02:06 PM","2026/02/06 02:16:51 PM"
"School","38,684,786,062,046","San Francisco Unified","Buena Vista/ Horace Mann K-8","Active","1980/07/01 12:00:00 AM","false","Traditional","Elementary Schools (Public)","K","8","true","No Data","37.753715","-122.419745","3351 23rd St.","San Francisco","CA","94110-3031","(415) 695-5881","POINT (-122.419745 37.753715)","Mission","9","2026/02/03 02:02:06 PM","2026/02/06 02:16:51 PM"
"School","38,684,783,830,254","San Francisco Unified","Burton (Phillip and Sala) Academic High","Active","1980/07/01 12:00:00 AM","false","Traditional","High Schools (Public)","9","12","true","No Data","37.720698","-122.405071","400 Mansell St.","San Francisco","CA","94134-1829","(415) 469-4550","POINT (-122.405071 37.720698)","Portola","9","2026/02/03 02:02:06 PM","2026/02/06 02:16:51 PM"
"School","38,684,786,040,752","San Francisco Unified","Carmichael (Bessie)/FEC","Active","1980/07/01 12:00:00 AM","false","Traditional","Elementary Schools (Public)","K","8","true","No Data","37.775856","-122.406742","375 Seventh St.","San Francisco","CA","94103-4020","(415) 355-6916","POINT (-122.406742 37.775856)","South of Market","6","2026/02/03 02:02:06 PM","2026/02/06 02:16:51 PM"
"School","38,684,786,093,496","San Francisco Unified","Carver (George Washington) Elementary","Active","1980/07/01 12:00:00 AM","false","Traditional","Elementary Schools (Public)","K","5","true","No Data","37.732403","-122.386385","1360 Oakdale Ave.","San Francisco","CA","94124-2724","(415) 330-1540","POINT (-122.386385 37.732403)","Bayview Hunters Point","10","2026/02/03 02:02:06 PM","2026/02/06 02:16:51 PM"
"School","38,684,786,965,586","San Francisco Unified","Cathedral School for Boys","Active","1980/07/01 12:00:00 AM","false","No Data","Elementary School (Private)","K","8","false","https://www.cathedralschool.net/","37.792394","-122.413896","1275 Sacramento St.","San Francisco","CA","94108-1910","(415) 771-6600","POINT (-122.413896 37.792394)","Nob Hill","3","2026/02/03 02:02:06 PM","2026/02/06 02:16:51 PM"
"School","38,684,786,041,149","San Francisco Unified","Chavez (Cesar) Elementary","Active","1980/07/01 12:00:00 AM","false","Traditional","Elementary Schools (Public)","K","5","true","No Data","37.754880","-122.415419","825 Shotwell St.","San Francisco","CA","94110-3212","(415) 695-5765","POINT (-122.415419 37.75488)","Mission","9","2026/02/03 02:02:06 PM","2026/02/06 02:16:51 PM"
"School","38,684,787,096,514","San Francisco Unified","Children's Day School","Active","1980/07/01 12:00:00 AM","false","No Data","Elementary School (Private)","K","8","false","www.cds-sf.org","37.763988","-122.425053","333 Dolores St.","San Francisco","CA","94110-1006","(415) 861-5432","POINT (-122.425053 37.763988)","Mission","8","2026/02/03 02:02:06 PM","2026/02/06 02:16:51 PM"
"School","38,684,786,113,252","San Francisco Unified","Chin (John Yehall) Elementary","Active","1995/09/05 12:00:00 AM","false","Traditional","Elementary Schools (Public)","K","5","true","No Data","37.798310","-122.403175","350 Broadway St.","San Francisco","CA","94133-4503","(415) 291-7946","POINT (-122.403175 37.79831)","North Beach","3","2026/02/03 02:02:06 PM","2026/02/06 02:16:51 PM"
"School","38,684,786,168,041","San Francisco Unified","Chinese American International School- 19th Ave Campus","Active","2023/09/13 12:00:00 AM","false","No Data","Elementary School (Private)","K","8","false","www.cais.org","37.729205","-122.473880","3250 19Th Ave","San Francisco","CA","94132-2007","(415) 861-7866","POINT (-122.47388 37.729205)","West of Twin Peaks","7","2026/02/03 02:02:06 PM","2026/02/06 02:16:51 PM"
"School","38,684,780,120,386","San Francisco Unified","Chinese Immersion School at DeAvila","Active","2009/08/24 12:00:00 AM","false","Traditional","Elementary Schools (Public)","K","5","true","www.sfusd.edu","37.769464","-122.444292","1250 Waller St.","San Francisco","CA","94117-2919","(415) 241-6325","POINT (-122.444292 37.769464)","Haight Ashbury","5","2026/02/03 02:02:06 PM","2026/02/06 02:16:51 PM"
"School","38,684,780,107,300","San Francisco Unified","City Arts & Leadership Academy","Active","2004/08/25 12:00:00 AM","true","Traditional","High Schools (Public)","9","12","true","www.es-cal.org","37.721751","-122.444866","350 Seneca Ave.","San Francisco","CA","94112-3248","(415) 841-8910","POINT (-122.444866 37.721751)","Outer Mission","11","2026/02/03 02:02:06 PM","2026/02/06 02:16:51 PM"
"School","38,684,786,040,828","San Francisco Unified","Clarendon Alternative Elementary","Active","1980/07/01 12:00:00 AM","false","Traditional","Elementary Schools (Public)","K","5","true","No Data","37.752989","-122.456111","500 Clarendon Ave.","San Francisco","CA","94131-1113","(415) 759-2796","POINT (-122.456111 37.752989)","Inner Sunset","7","2026/02/03 02:02:06 PM","2026/02/06 02:16:51 PM"
"School","38,684,786,040,836","San Francisco Unified","Cleveland Elementary","Active","1980/07/01 12:00:00 AM","false","Traditional","Elementary Schools (Public)","K","5","true","No Data","37.720733","-122.429048","455 Athens St.","San Francisco","CA","94112-2801","(415) 469-4709","POINT (-122.429048 37.720733)","Excelsior","11","2026/02/03 02:02:06 PM","2026/02/06 02:16:51 PM"
"School","38,684,786,040,968","San Francisco Unified","Cobb (William L.) Elementary","Active","1980/07/01 12:00:00 AM","false","Traditional","Elementary Schools (Public)","K","5","true","No Data","37.788174","-122.439189","2725 California St.","San Francisco","CA","94115-2513","(415) 749-3505","POINT (-122.439189 37.788174)","Pacific Heights","2","2026/02/03 02:02:06 PM","2026/02/06 02:16:51 PM"
"School","38,684,786,158,596","San Francisco Unified","Convent & Stuart Hall, Schools of the Sacred Heart - San Francisco","Active","1887/12/30 12:07:00 PM","false","No Data","K-12 Schools (Private)","K","12","false","https://www.sacredsf.org","37.794657","-122.434294","2222 BRd.way St","San Francisco","CA","94115","(415) 563-2900","POINT (-122.434294 37.794657)","Pacific Heights","2","2026/02/03 02:02:06 PM","2026/02/06 02:16:51 PM"
"School","38,684,780,117,507","San Francisco Unified","Cooper (Sarah B.) Children Center","Active","2008/06/01 12:00:00 AM","false","Traditional","Preschool","P","P","true","No Data","37.800719","-122.414845","940 Filbert St.","San Francisco","CA","94133-2606","(415) 749-3550","POINT (-122.414845 37.800719)","Russian Hill","3","2026/02/03 02:02:06 PM","2026/02/06 02:16:51 PM"
"School","38,684,786,903,165","San Francisco Unified","Cornerstone Academy-Silver Campus","Active","1980/07/01 12:00:00 AM","false","No Data","K-12 Schools (Private)","K","3","false","www.cornerstone-academy.net","37.729063","-122.419485","801 Silver Ave.","San Francisco","CA","94134-1011","(415) 587-7256","POINT (-122.419485 37.729063)","Portola","9","2026/02/03 02:02:06 PM","2026/02/06 02:16:51 PM"
"School","38,684,786,133,763","San Francisco Unified","Cornerstone Academy–Cambridge Campus","Active","2008/11/10 12:00:00 AM","false","No Data","K-12 Schools (Private)","4","8","false","www.cornerstone-academy.net","37.724604","-122.417563","501 Cambridge St.","San Francisco","CA","94134-1609","(415) 585-5183","POINT (-122.417563 37.724604)","Portola","9","2026/02/03 02:02:06 PM","2026/02/06 02:16:51 PM"
"School","38,684,786,112,601","San Francisco Unified","Creative Arts Charter","Active","1994/09/07 12:00:00 AM","true","Traditional","Elementary Schools (Public)","K","8","true","www.creativeartscharter.org","37.780030","-122.435434","1601 Turk St.","San Francisco","CA","94115-4527","(415) 749-3509","POINT (-122.435434 37.78003)","Western Addition","5","2026/02/03 02:02:06 PM","2026/02/06 02:16:51 PM"
"School","38,684,787,104,466","San Francisco Unified","De Marillac Academy","Active","2004/08/12 12:00:00 AM","false","No Data","Elementary School (Private)","4","8","false","www.demarillac.org","37.781659","-122.413344","175 Golden Gate Ave.","San Francisco","CA","94102-3809","(415) 552-5220","POINT (-122.413344 37.781659)","Tenderloin","5","2026/02/03 02:02:06 PM","2026/02/06 02:16:51 PM"
"School","38,684,786,059,869","San Francisco Unified","Denman (James) Middle","Active","1980/07/01 12:00:00 AM","false","Traditional","Intermediate/Middle Schools (Public)","6","8","true","No Data","37.721993","-122.443314","241 Oneida Ave.","San Francisco","CA","94112-3228","(415) 469-4535","POINT (-122.443314 37.721993)","Outer Mission","11","2026/02/03 02:02:06 PM","2026/02/06 02:16:51 PM"
"School","38,684,786,158,372","San Francisco Unified","Donum Dei Classical Academy","Active","2019/05/13 12:00:00 AM","false","No Data","Elementary School (Private)","K","8","false","https://www.donumdei.org/","37.745905","-122.412703","1550 Treat Ave.","San Francisco","CA","94110-5234","(415) 874-9631","POINT (-122.412703 37.745905)","Bernal Heights","9","2026/02/03 02:02:06 PM","2026/02/06 02:16:51 PM"
"School","38,684,783,830,064","San Francisco Unified","Downtown High","Active","1980/07/01 12:00:00 AM","false","Continuation School","Continuation High Schools","9","12","true","No Data","37.760939","-122.404072","693 Vermont St.","San Francisco","CA","94107-2635","(415) 695-5860","POINT (-122.404072 37.760939)","Potrero Hill","10","2026/02/03 02:02:06 PM","2026/02/06 02:16:51 PM"
"School","38,684,786,104,673","San Francisco Unified","Drew (Charles) College Preparatory Academy","Active","1980/07/01 12:00:00 AM","false","Traditional","Elementary Schools (Public)","K","5","true","No Data","37.731779","-122.393550","50 Pomona Ave.","San Francisco","CA","94124-2344","(415) 330-1526","POINT (-122.39355 37.731779)","Bayview Hunters Point","10","2026/02/03 02:02:06 PM","2026/02/06 02:16:51 PM"
"School","38,684,786,939,557","San Francisco Unified","Drew School","Active","1980/07/01 12:00:00 AM","false","No Data","High Schools (Private)","9","12","false","https://www.drewschool.org","37.787687","-122.442530","2901 California St.","San Francisco","CA","94115-2432","(415) 409-3739","POINT (-122.44253 37.787687)","Pacific Heights","2","2026/02/03 02:02:06 PM","2026/02/06 02:16:51 PM"
"School","38,684,786,170,120","San Francisco Unified","Eclipse Academy","Active","2024/08/12 12:00:00 AM","false","No Data","K-12 Schools (Private)","3","12","false","https://www.eclipseacademy.com/","37.754645","-122.415624","862 Shotwell St.","San Francisco","CA","94110-3251","(415) 779-4110","POINT (-122.415624 37.754645)","Mission","9","2026/02/03 02:02:06 PM","2026/02/06 02:16:51 PM"
"School","38,684,786,981,500","San Francisco Unified","Ecole Notre Dame Des Victoires","Active","1980/07/01 12:00:00 AM","false","No Data","Elementary School (Private)","K","8","false","www.ndvsf.org","37.791311","-122.406709","659 Pine St.","San Francisco","CA","94108-3210","(415) 421-0069","POINT (-122.406709 37.791311)","Financial District/South Beach","3","2026/02/03 02:02:06 PM","2026/02/06 02:16:51 PM"
"School","38,684,786,908,917","San Francisco Unified","Edgewood Community School","Active","1980/07/01 12:00:00 AM","false","Nonpublic Certified School","K-12 Schools (Private)","9","12","false","www.edgewood.org","37.738609","-122.486047","1801 Vicente St.","San Francisco","CA","94116-2923","(415) 858-2409","POINT (-122.486047 37.738609)","Sunset/Parkside","4","2026/02/03 02:02:06 PM","2026/02/06 02:16:51 PM"
"School","38,684,786,040,950","San Francisco Unified","El Dorado Elementary","Active","1980/07/01 12:00:00 AM","false","Traditional","Elementary Schools (Public)","P","5","true","No Data","37.719265","-122.406737","70 Delta St.","San Francisco","CA","94134-2145","(415) 330-1537","POINT (-122.406737 37.719265)","McLaren Park","10","2026/02/03 02:02:06 PM","2026/02/06 02:16:51 PM"
"School","38,684,786,170,740","San Francisco Unified","Enlighten Academy","Active","2024/10/08 12:00:00 AM","false","No Data","K-12 Schools (Private)","6","12","false","No Data","37.787767","-122.406120","166 Geary St. Ste. 1500","San Francisco","CA","94108-5628","(510) 788-0455","POINT (-122.40612 37.787767)","Financial District/South Beach","3","2026/02/03 02:02:06 PM","2026/02/06 02:16:51 PM"
"School","38,684,787,044,605","San Francisco Unified","Eureka Learning Center","Active","1980/07/01 12:00:00 AM","false","No Data","Kindergartens (Private)","K","K","false","www.eurekalearningcenter.com","37.754966","-122.437008","464 Diamond St.","San Francisco","CA","94114-2823","(415) 648-0380","POINT (-122.437008 37.754966)","Noe Valley","8","2026/02/03 02:02:06 PM","2026/02/06 02:16:51 PM"
"School","38,684,786,062,038","San Francisco Unified","Everett Middle","Active","1980/07/01 12:00:00 AM","false","Traditional","Intermediate/Middle Schools (Public)","6","8","true","No Data","37.763667","-122.428581","450 Church St.","San Francisco","CA","94114-1721","(415) 241-6344","POINT (-122.428581 37.763667)","Castro/Upper Market","8","2026/02/03 02:02:06 PM","2026/02/06 02:16:51 PM"
"School","38,684,780,111,427","San Francisco Unified","Feinstein (Dianne) Elementary","Active","2006/08/28 12:00:00 AM","false","Traditional","Elementary Schools (Public)","K","5","true","No Data","37.739964","-122.481857","2550 25th Ave.","San Francisco","CA","94116-2901","(415) 615-8460","POINT (-122.481857 37.739964)","Sunset/Parkside","4","2026/02/03 02:02:06 PM","2026/02/06 02:16:51 PM"
"School","38,684,780,101,774","San Francisco Unified","Five Keys Charter (SF Sheriff's)","Active","2003/09/29 12:00:00 AM","true","Traditional","High Schools (Public)","9","12","true","www.fivekeyscharter.org","37.777211","-122.402165","70 Oak Grove St.","San Francisco","CA","94107-1019","(415) 734-3310","POINT (-122.402165 37.777211)","South of Market","6","2026/02/03 02:02:06 PM","2026/02/06 02:16:51 PM"
"School","38,684,780,118,141","San Francisco Unified","Five Keys Independence HS (SF Sheriff's)","Active","2008/09/02 12:00:00 AM","true","Traditional","High Schools (Public)","9","12","true","www.fivekeyscharter.org","37.777170","-122.402140","70 Oak Grove","San Francisco","CA","94107-1019","(415) 734-3310","POINT (-122.40214 37.77717)","South of Market","6","2026/02/03 02:02:06 PM","2026/02/06 02:16:51 PM"
"School","38,684,786,041,347","San Francisco Unified","Flynn (Leonard R.) Elementary","Active","1980/07/01 12:00:00 AM","false","Traditional","Elementary Schools (Public)","K","5","true","No Data","37.748190","-122.412037","3125 Cesar Chavez St.","San Francisco","CA","94110-4722","(415) 695-5770","POINT (-122.412037 37.74819)","Bernal Heights","9","2026/02/03 02:02:06 PM","2026/02/06 02:16:51 PM"
"School","38,684,786,059,844","San Francisco Unified","Francisco Middle","Active","1980/07/01 12:00:00 AM","false","Traditional","Intermediate/Middle Schools (Public)","6","8","true","No Data","37.804816","-122.411689","2190 Powell St.","San Francisco","CA","94133-1949","(415) 291-7900","POINT (-122.411689 37.804816)","North Beach","3","2026/02/03 02:02:06 PM","2026/02/06 02:16:51 PM"
"School","38,684,786,143,440","San Francisco Unified","Fusion Academy San Francisco","Active","2012/04/07 12:00:00 AM","false","No Data","K-12 Schools (Private)","6","12","false","https://www.fusionacademy.com/campuses/san-francisco/","37.801789","-122.401438","1160 Battery St. Ste. 40","San Francisco","CA","94111-1215","(415) 765-9078","POINT (-122.401438 37.801789)","Financial District/South Beach","3","2026/02/03 02:02:06 PM","2026/02/06 02:16:51 PM"
"School","38,684,783,831,765","San Francisco Unified","Galileo High","Active","1980/07/01 12:00:00 AM","false","Traditional","High Schools (Public)","9","12","true","No Data","37.803401","-122.424082","1150 Francisco St.","San Francisco","CA","94109-1004","(415) 749-3430","POINT (-122.424082 37.803401)","Russian Hill","2","2026/02/03 02:02:06 PM","2026/02/06 02:16:51 PM"
"School","38,684,786,041,040","San Francisco Unified","Garfield Elementary","Active","1980/07/01 12:00:00 AM","false","Traditional","Elementary Schools (Public)","K","5","true","No Data","37.801800","-122.406734","420 Filbert St.","San Francisco","CA","94133-3002","(415) 291-7924","POINT (-122.406734 37.8018)","North Beach","3","2026/02/03 02:02:06 PM","2026/02/06 02:16:51 PM"
"School","38,684,783,830,437","San Francisco Unified","Gateway High","Active","1998/08/31 12:00:00 AM","true","Traditional","High Schools (Public)","9","12","true","www.gatewayhigh.org","37.783129","-122.437739","1430 Scott St.","San Francisco","CA","94115-3510","(415) 749-3600","POINT (-122.437739 37.783129)","Western Addition","5","2026/02/03 02:02:06 PM","2026/02/06 02:16:51 PM"
"School","38,684,780,123,265","San Francisco Unified","Gateway Middle","Active","2011/08/11 12:00:00 AM","true","Traditional","Intermediate/Middle Schools (Public)","6","8","true","www.gatewaymiddle.org","37.779439","-122.436008","1512 Golden Gate Ave.","San Francisco","CA","94115-4515","(415) 922-1001","POINT (-122.436008 37.779439)","Western Addition","5","2026/02/03 02:02:06 PM","2026/02/06 02:16:51 PM"
"School","38,684,786,162,549","San Francisco Unified","German International School of Silicon Valley","Active","2021/11/16 12:00:00 AM","false","No Data","Elementary School (Private)","K","12","false","gissv.org","37.760246","-122.436904","117 Diamond St.","San Francisco","CA","94114-2413","(650) 254-0748","POINT (-122.436904 37.760246)","Castro/Upper Market","8","2026/02/03 02:02:06 PM","2026/02/06 02:16:51 PM"
"School","38,684,786,059,828","San Francisco Unified","Giannini (A.P.) Middle","Active","1980/07/01 12:00:00 AM","false","Traditional","Intermediate/Middle Schools (Public)","6","8","true","No Data","37.751425","-122.497022","3151 Ortega St.","San Francisco","CA","94122-4051","(415) 759-2770","POINT (-122.497022 37.751425)","Sunset/Parkside","4","2026/02/03 02:02:06 PM","2026/02/06 02:16:51 PM"
"School","38,684,786,041,073","San Francisco Unified","Glen Park Elementary","Active","1980/07/01 12:00:00 AM","false","Traditional","Elementary Schools (Public)","K","5","true","No Data","37.733107","-122.436088","151 Lippard Ave.","San Francisco","CA","94131-3249","(415) 469-4713","POINT (-122.436088 37.733107)","West of Twin Peaks","8","2026/02/03 02:02:06 PM","2026/02/06 02:16:51 PM"
"School","38,684,786,041,115","San Francisco Unified","Grattan Elementary","Active","1980/07/01 12:00:00 AM","false","Traditional","Elementary Schools (Public)","K","5","true","No Data","37.763858","-122.450526","165 Grattan St.","San Francisco","CA","94117-4208","(415) 759-2815","POINT (-122.450526 37.763858)","Haight Ashbury","8","2026/02/03 02:02:06 PM","2026/02/06 02:16:51 PM"
"School","38,684,786,041,123","San Francisco Unified","Guadalupe Elementary","Active","1980/07/01 12:00:00 AM","false","Traditional","Elementary Schools (Public)","K","5","true","No Data","37.710438","-122.434416","859 Prague St.","San Francisco","CA","94112-4516","(415) 469-4718","POINT (-122.434416 37.710438)","Excelsior","11","2026/02/03 02:02:06 PM","2026/02/06 02:16:51 PM"
"School","38,684,786,040,760","San Francisco Unified","Harte (Bret) Elementary","Active","1980/07/01 12:00:00 AM","false","Traditional","Elementary Schools (Public)","K","5","true","No Data","37.718610","-122.388897","1035 Gilman Ave.","San Francisco","CA","94124-3710","(415) 330-1520","POINT (-122.388897 37.71861)","Bayview Hunters Point","10","2026/02/03 02:02:06 PM","2026/02/06 02:16:51 PM"
"School","38,684,780,117,564","San Francisco Unified","Havard (Leola M.) Early Education","Active","2008/06/01 12:00:00 AM","false","Traditional","Preschool","P","P","true","No Data","37.733772","-122.388876","1520 Oakdale Ave.","San Francisco","CA","94124-2323","(415) 695-5660","POINT (-122.388876 37.733772)","Bayview Hunters Point","10","2026/02/03 02:02:06 PM","2026/02/06 02:16:51 PM"
"School","38,684,786,041,156","San Francisco Unified","Hillcrest Elementary","Active","1980/07/01 12:00:00 AM","false","Traditional","Elementary Schools (Public)","K","5","true","No Data","37.729026","-122.419248","810 Silver Ave.","San Francisco","CA","94134-1012","(415) 469-4722","POINT (-122.419248 37.729026)","Excelsior","9","2026/02/03 02:02:06 PM","2026/02/06 02:16:51 PM"
"School","38,684,786,939,607","San Francisco Unified","Hillwood Academic Day","Active","1980/07/01 12:00:00 AM","false","No Data","Elementary School (Private)","K","8","false","hillwoodschool.com","37.793323","-122.440119","2521 Scott St.","San Francisco","CA","94115-1137","(415) 931-0400","POINT (-122.440119 37.793323)","Pacific Heights","2","2026/02/03 02:02:06 PM","2026/02/06 02:16:51 PM"
"School","38,684,786,981,278","San Francisco Unified","Holy Name Elementary","Active","1980/07/01 12:00:00 AM","false","No Data","Elementary School (Private)","K","8","false","www.holynamesf.com","37.757809","-122.498388","1560 40th Ave.","San Francisco","CA","94122-3030","(415) 731-4077","POINT (-122.498388 37.757809)","Sunset/Parkside","4","2026/02/03 02:02:06 PM","2026/02/06 02:16:51 PM"
"School","38,684,786,059,851","San Francisco Unified","Hoover (Herbert) Middle","Active","1980/07/01 12:00:00 AM","false","Traditional","Intermediate/Middle Schools (Public)","6","8","true","No Data","37.745350","-122.470310","2290 14th Ave.","San Francisco","CA","94116-1841","(415) 759-2783","POINT (-122.47031 37.74535)","West of Twin Peaks","7","2026/02/03 02:02:06 PM","2026/02/06 02:16:51 PM"
"School","38,684,786,040,984","San Francisco Unified","Huerta (Dolores) Elementary","Active","1980/07/01 12:00:00 AM","false","Traditional","Elementary Schools (Public)","K","5","true","No Data","37.740659","-122.425596","65 Chenery St.","San Francisco","CA","94131-2706","(415) 695-5669","POINT (-122.425596 37.740659)","Glen Park","8","2026/02/03 02:02:06 PM","2026/02/06 02:16:51 PM"
"School","38,684,786,939,615","San Francisco Unified","ICA Cristo Rey Academy","Active","1980/07/01 12:00:00 AM","false","No Data","High Schools (Private)","9","12","false","https://www.icacristorey.org/","37.751858","-122.423527","3625 24th St.","San Francisco","CA","94110-3607","(415) 824-2052","POINT (-122.423527 37.751858)","Mission","8","2026/02/03 02:02:06 PM","2026/02/06 02:16:51 PM"
"School","38,684,783,830,197","San Francisco Unified","Independence High","Active","1980/07/01 12:00:00 AM","false","Alternative School of Choice","Alternative Schools of Choice","9","12","true","No Data","37.763243","-122.463826","1350 7th Ave.","San Francisco","CA","94122-2508","(415) 242-2528","POINT (-122.463826 37.763243)","Inner Sunset","7","2026/02/03 02:02:06 PM","2026/02/06 02:16:51 PM"
"School","38,684,786,041,230","San Francisco Unified","Jefferson Elementary","Active","1980/07/01 12:00:00 AM","false","Traditional","Elementary Schools (Public)","K","5","true","No Data","37.763555","-122.476359","1725 Irving St.","San Francisco","CA","94122-1893","(415) 759-2821","POINT (-122.476359 37.763555)","Inner Sunset","7","2026/02/03 02:02:06 PM","2026/02/06 02:16:51 PM"
"School","38,684,786,200,554","San Francisco Unified","Jewish Community High School of the Bay","Active","2004/08/12 12:00:00 AM","false","No Data","High Schools (Private)","9","12","false","www.jchsofthebay.org","37.781426","-122.436417","1835 Ellis St.","San Francisco","CA","94115-4003","(415) 345-9777","POINT (-122.436417 37.781426)","Western Addition","5","2026/02/03 02:02:06 PM","2026/02/06 02:16:51 PM"
"School","38,684,780,102,103","San Francisco Unified","Jordan (June) School for Equity","Active","2003/08/25 12:00:00 AM","false","Alternative School of Choice","Alternative Schools of Choice","9","12","true","www.sfusd.edu","37.719997","-122.425502","325 La Grande Ave.","San Francisco","CA","94112-2866","(415) 452-4922","POINT (-122.425502 37.719997)","McLaren Park","11","2026/02/03 02:02:06 PM","2026/02/06 02:16:51 PM"
"School","38,684,786,146,344","San Francisco Unified","Kahlon Family Services School","Active","2020/11/05 12:00:00 AM","false","No Data","Elementary School (Private)","K","5","false","https://www.kfsschool.org/","37.776063","-122.492742","3140 Balboa St.","San Francisco","CA","94121-2730","(415) 525-4035","POINT (-122.492742 37.776063)","Outer Richmond","1","2026/02/03 02:02:06 PM","2026/02/06 02:16:51 PM"
"School","38,684,786,981,328","San Francisco Unified","Katherine Delmar Burke School","Active","1980/07/01 12:00:00 AM","false","No Data","Elementary School (Private)","K","8","false","www.burkes.org","37.783557","-122.492867","7070 California St.","San Francisco","CA","94121-1710","(415) 751-0177","POINT (-122.492867 37.783557)","Seacliff","1","2026/02/03 02:02:06 PM","2026/02/06 02:16:51 PM"
"School","38,684,786,130,090","San Francisco Unified","Katherine Michiels School","Active","2005/05/24 12:00:00 AM","false","No Data","Elementary School (Private)","K","5","false","www.kmsofsf.org","37.749812","-122.422421","1335 Guerrero St.","San Francisco","CA","94110-3622","(415) 821-0130","POINT (-122.422421 37.749812)","Mission","8","2026/02/03 02:02:06 PM","2026/02/06 02:16:51 PM"
"School","38,684,786,041,008","San Francisco Unified","Key (Francis Scott) Elementary","Active","1980/07/01 12:00:00 AM","false","Traditional","Elementary Schools (Public)","K","5","true","No Data","37.758154","-122.502495","1530 43rd Ave.","San Francisco","CA","94122-2925","(415) 759-2811","POINT (-122.502495 37.758154)","Sunset/Parkside","4","2026/02/03 02:02:06 PM","2026/02/06 02:16:51 PM"
"School","38,684,786,041,602","San Francisco Unified","King (Thomas Starr) Elementary","Active","1980/07/01 12:00:00 AM","false","Traditional","Elementary Schools (Public)","K","5","true","No Data","37.752765","-122.399351","1215 Carolina St.","San Francisco","CA","94107-3322","(415) 695-5797","POINT (-122.399351 37.752765)","Potrero Hill","10","2026/02/03 02:02:06 PM","2026/02/06 02:16:51 PM"
"School","38,684,786,059,885","San Francisco Unified","King Jr. (Martin Luther) Academic Middle","Active","1980/07/01 12:00:00 AM","false","Traditional","Intermediate/Middle Schools (Public)","6","8","true","No Data","37.727948","-122.404917","350 Girard St.","San Francisco","CA","94134-1469","(415) 330-1500","POINT (-122.404917 37.727948)","Portola","9","2026/02/03 02:02:06 PM","2026/02/06 02:16:51 PM"
"School","38,684,780,101,337","San Francisco Unified","KIPP Bayview Academy","Active","2003/07/16 12:00:00 AM","true","Traditional","Intermediate/Middle Schools (Public)","5","8","true","http://sfbay.kippnorcal.org/","37.719520","-122.396374","1060 Key Ave.","San Francisco","CA","94124-3563","(415) 467-2522","POINT (-122.396374 37.71952)","Bayview Hunters Point","10","2026/02/03 02:02:06 PM","2026/02/06 02:16:51 PM"
"School","38,684,780,101,352","San Francisco Unified","KIPP San Francisco Bay Academy","Active","2003/08/26 12:00:00 AM","true","Traditional","Intermediate/Middle Schools (Public)","5","8","true","https://sfbay.kippnorcal.org/","37.783165","-122.437590","1430 Scott St., Third Fl.","San Francisco","CA","94115-3510","(415) 440-4306","POINT (-122.43759 37.783165)","Western Addition","5","2026/02/03 02:02:06 PM","2026/02/06 02:16:51 PM"
"School","38,684,780,127,530","San Francisco Unified","KIPP San Francisco College Preparatory","Active","2013/08/12 12:00:00 AM","true","Traditional","High Schools (Public)","9","12","true","http://sfcollegeprep.kippnorcal.org/","37.732378","-122.382356","1195 Hudson Ave.","San Francisco","CA","94124-2488","(415) 643-6951","POINT (-122.382356 37.732378)","Bayview Hunters Point","10","2026/02/03 02:02:06 PM","2026/02/06 02:16:51 PM"
"School","38,684,786,981,336","San Francisco Unified","Kittredge School","Active","1980/07/01 12:00:00 AM","false","No Data","Elementary School (Private)","K","8","false","www.kittredge.org","37.785544","-122.484956","2355 Lake St","San Francisco","CA","94121-1228","(415) 750-8390","POINT (-122.484956 37.785544)","Outer Richmond","1","2026/02/03 02:02:06 PM","2026/02/06 02:16:51 PM"
"School","38,684,786,913,123","San Francisco Unified","KZV Armenian School","Active","1980/07/01 12:00:00 AM","false","No Data","Elementary School (Private)","K","8","false","www.kzv.org","37.713841","-122.478318","825 Brotherhood Way","San Francisco","CA","94132-2903","(415) 586-8686","POINT (-122.478318 37.713841)","Lakeshore","7","2026/02/03 02:02:06 PM","2026/02/06 02:16:51 PM"
"School","38,684,786,144,257","San Francisco Unified","La Scuola International School","Active","2013/01/10 12:00:00 AM","false","No Data","Elementary School (Private)","K","8","false","lascuolasf.org","37.762291","-122.416331","3250 18Th St.","San Francisco","CA","94110-1919","(415) 551-0000","POINT (-122.416331 37.762291)","Mission","9","2026/02/03 02:02:06 PM","2026/02/06 02:16:51 PM"
"School","38,684,786,041,305","San Francisco Unified","Lafayette Elementary","Active","1980/07/01 12:00:00 AM","false","Traditional","Elementary Schools (Public)","K","5","true","No Data","37.777608","-122.496889","4545 Anza St.","San Francisco","CA","94121-2621","(415) 750-8483","POINT (-122.496889 37.777608)","Outer Richmond","1","2026/02/03 02:02:06 PM","2026/02/06 02:16:51 PM"
"School","38,684,786,041,321","San Francisco Unified","Lakeshore Alternative Elementary","Active","1980/07/01 12:00:00 AM","false","Traditional","Elementary Schools (Public)","K","5","true","No Data","37.730603","-122.486151","220 Middlefield Dr.","San Francisco","CA","94132-1418","(415) 759-2825","POINT (-122.486151 37.730603)","Lakeshore","4","2026/02/03 02:02:06 PM","2026/02/06 02:16:51 PM"
"School","38,684,786,906,176","San Francisco Unified","Lakeside Presbyterian Center for Children","Active","1980/07/01 12:00:00 AM","false","No Data","Kindergartens (Private)","K","K","false","http://www.lakesidechildrencenter.org","37.730728","-122.475199","201 Eucalyptus Dr","San Francisco","CA","94132-1514","(415) 564-5044","POINT (-122.475199 37.730728)","Lakeshore","4","2026/02/03 02:02:06 PM","2026/02/06 02:16:51 PM"
"School","38,684,780,117,580","San Francisco Unified","Las Americas Children Center","Active","2008/06/01 12:00:00 AM","false","Traditional","Preschool","P","P","true","No Data","37.757128","-122.412659","801 Treat Ave.","San Francisco","CA","94110-2723","(415) 695-5746","POINT (-122.412659 37.757128)","Mission","9","2026/02/03 02:02:06 PM","2026/02/06 02:16:51 PM"
"School","38,684,786,040,877","San Francisco Unified","Lau (Gordon J.) Elementary","Active","1980/07/01 12:00:00 AM","false","Traditional","Elementary Schools (Public)","K","5","true","No Data","37.793981","-122.408687","950 Clay St.","San Francisco","CA","94108-1521","(415) 291-7921","POINT (-122.408687 37.793981)","Chinatown","3","2026/02/03 02:02:06 PM","2026/02/06 02:16:51 PM"
"School","38,684,786,170,278","San Francisco Unified","Lavenia Rochelle Academy","Active","2024/08/28 12:00:00 AM","false","No Data","K-12 Schools (Private)","K","12","false","No Data","37.729029","-122.373248","724 Kirkwood Ave.","San Francisco","CA","94124-2881","(415) 888-7269","POINT (-122.373248 37.729029)","Bayview Hunters Point","10","2026/02/03 02:02:06 PM","2026/02/06 02:16:51 PM"
"School","38,684,786,041,339","San Francisco Unified","Lawton Alternative","Active","1980/07/01 12:00:00 AM","false","Traditional","Elementary Schools (Public)","K","8","true","No Data","37.757952","-122.489587","1570 31st Ave.","San Francisco","CA","94122-3104","(415) 759-2832","POINT (-122.489587 37.757952)","Sunset/Parkside","4","2026/02/03 02:02:06 PM","2026/02/06 02:16:51 PM"
"School","38,684,786,089,569","San Francisco Unified","Lee (Edwin and Anita) Newcomer","Active","1980/07/01 12:00:00 AM","false","Traditional","Elementary Schools (Public)","K","5","true","No Data","37.794905","-122.404146","657 Merchant St.","San Francisco","CA","94111-2505","(415) 291-7918","POINT (-122.404146 37.794905)","Chinatown","3","2026/02/03 02:02:06 PM","2026/02/06 02:16:51 PM"
"School","38,684,786,062,053","San Francisco Unified","Lick (James) Middle","Active","1980/07/01 12:00:00 AM","false","Traditional","Intermediate/Middle Schools (Public)","6","8","true","No Data","37.749543","-122.431754","1220 Noe St.","San Francisco","CA","94114-3714","(415) 695-5675","POINT (-122.431754 37.749543)","Noe Valley","8","2026/02/03 02:02:06 PM","2026/02/06 02:16:51 PM"
"School","38,684,786,939,649","San Francisco Unified","Lick-Wilmerding High School","Active","1980/07/01 12:00:00 AM","false","No Data","High Schools (Private)","9","12","false","www.lwhs.org","37.722188","-122.449131","755 Ocean Ave.","San Francisco","CA","94112-1856","(415) 333-4021","POINT (-122.449131 37.722188)","Oceanview/Merced/Ingleside","11","2026/02/03 02:02:06 PM","2026/02/06 02:16:51 PM"
"School","38,684,783,830,429","San Francisco Unified","Life Learning Academy Charter","Active","1998/09/14 12:00:00 AM","true","Traditional","High Schools (Public)","9","12","true","www.llasf.org","37.770910","-122.404797","651 Eighth St., Bldg. 229 Treasure Island","San Francisco","CA","94130-1901","(415) 397-8957","POINT (-122.404797 37.77091)","South of Market","6","2026/02/03 02:02:06 PM","2026/02/06 02:16:51 PM"
"School","38,684,786,102,479","San Francisco Unified","Lilienthal (Claire) Elementary","Active","1980/07/01 12:00:00 AM","false","Traditional","Elementary Schools (Public)","K","8","true","No Data","37.803192","-122.443502","3630 Divisadero St.","San Francisco","CA","94123-1411","(415) 749-3516","POINT (-122.443502 37.803192)","Marina","2","2026/02/03 02:02:06 PM","2026/02/06 02:16:51 PM"
"School","38,684,783,833,241","San Francisco Unified","Lincoln (Abraham) High","Active","1980/07/01 12:00:00 AM","false","Traditional","High Schools (Public)","9","12","true","No Data","37.747259","-122.481322","2162 24th Ave.","San Francisco","CA","94116-1723","(415) 759-2700","POINT (-122.481322 37.747259)","Sunset/Parkside","4","2026/02/03 02:02:06 PM","2026/02/06 02:16:51 PM"
"School","38,684,786,981,377","San Francisco Unified","Live Oak School","Active","1980/07/01 12:00:00 AM","false","No Data","Elementary School (Private)","K","8","false","No Data","37.763600","-122.399525","1555 Mariposa St.","San Francisco","CA","94107-2333","(415) 861-8840","POINT (-122.399525 37.7636)","Potrero Hill","10","2026/02/03 02:02:06 PM","2026/02/06 02:16:51 PM"
"School","38,684,786,041,362","San Francisco Unified","Longfellow Elementary","Active","1980/07/01 12:00:00 AM","false","Traditional","Elementary Schools (Public)","K","5","true","No Data","37.710460","-122.447692","755 Morse St.","San Francisco","CA","94112-4223","(415) 469-4730","POINT (-122.447692 37.71046)","Excelsior","11","2026/02/03 02:02:06 PM","2026/02/06 02:16:51 PM"
"School","38,684,783,833,407","San Francisco Unified","Lowell High","Active","1980/07/01 12:00:00 AM","false","Traditional","High Schools (Public)","9","12","true","No Data","37.731044","-122.483559","1101 Eucalyptus Dr.","San Francisco","CA","94132-1401","(415) 759-2730","POINT (-122.483559 37.731044)","Lakeshore","4","2026/02/03 02:02:06 PM","2026/02/06 02:16:51 PM"
"School","38,684,786,146,369","San Francisco Unified","Lycee Francais de San Francisco (Ashbury)","Active","2014/02/26 12:00:00 AM","false","No Data","Elementary School (Private)","K","5","false","https://www.lelycee.org/","37.768064","-122.446841","755 Ashbury St.","San Francisco","CA","94117-4013","(415) 213-7623","POINT (-122.446841 37.768064)","Haight Ashbury","5","2026/02/03 02:02:06 PM","2026/02/06 02:16:51 PM"
"School","38,684,786,939,664","San Francisco Unified","Lycee Francais de San Francisco (Ortega)","Active","1980/07/01 12:00:00 AM","false","No Data","K-12 Schools (Private)","6","12","false","https://www.lelycee.org/","37.751894","-122.476479","1201 Ortega St.","San Francisco","CA","94122-4411","(415) 213-7623","POINT (-122.476479 37.751894)","Sunset/Parkside","4","2026/02/03 02:02:06 PM","2026/02/06 02:16:51 PM"
"School","38,684,780,117,572","San Francisco Unified","Mahler (Theresa S.) Children Center","Active","2008/06/01 12:00:00 AM","false","Traditional","Preschool","P","P","true","No Data","37.755547","-122.428001","990 Church St.","San Francisco","CA","94114-3044","(415) 695-5871","POINT (-122.428001 37.755547)","Noe Valley","8","2026/02/03 02:02:06 PM","2026/02/06 02:16:51 PM"
"School","38,684,786,041,586","San Francisco Unified","Malcolm X Academy","Active","1980/07/01 12:00:00 AM","false","Traditional","Elementary Schools (Public)","K","5","true","No Data","37.733734","-122.380617","350 Harbor Rd.","San Francisco","CA","94124-2474","(415) 695-5950","POINT (-122.380617 37.733734)","Bayview Hunters Point","10","2026/02/03 02:02:06 PM","2026/02/06 02:16:51 PM"
"School","38,684,786,062,061","San Francisco Unified","Marina Middle","Active","1980/07/01 12:00:00 AM","false","Traditional","Intermediate/Middle Schools (Public)","6","8","true","No Data","37.801671","-122.436360","3500 Fillmore St.","San Francisco","CA","94123-2103","(415) 749-3495","POINT (-122.43636 37.801671)","Marina","2","2026/02/03 02:02:06 PM","2026/02/06 02:16:51 PM"
"School","38,684,783,830,403","San Francisco Unified","Marshall (Thurgood) High","Active","1994/09/07 12:00:00 AM","false","Traditional","High Schools (Public)","8","12","true","No Data","37.735717","-122.401881","45 Conkling St.","San Francisco","CA","94124-1931","(415) 695-5612","POINT (-122.401881 37.735717)","Bayview Hunters Point","10","2026/02/03 02:02:06 PM","2026/02/06 02:16:51 PM"
"School","38,684,786,041,412","San Francisco Unified","Marshall Elementary","Active","1980/07/01 12:00:00 AM","false","Traditional","Elementary Schools (Public)","K","5","true","No Data","37.766679","-122.419099","1575 15th St.","San Francisco","CA","94103-3639","(415) 241-6280","POINT (-122.419099 37.766679)","Mission","9","2026/02/03 02:02:06 PM","2026/02/06 02:16:51 PM"
"School","38,684,786,041,016","San Francisco Unified","McCoppin (Frank) Elementary","Active","1980/07/01 12:00:00 AM","false","Traditional","Elementary Schools (Public)","K","5","true","No Data","37.776283","-122.464018","651 Sixth Ave.","San Francisco","CA","94118-3804","(415) 750-8475","POINT (-122.464018 37.776283)","Inner Richmond","1","2026/02/03 02:02:06 PM","2026/02/06 02:16:51 PM"
"School","38,684,786,041,420","San Francisco Unified","McKinley Elementary","Active","1980/07/01 12:00:00 AM","false","Traditional","Elementary Schools (Public)","K","5","true","No Data","37.767229","-122.436594","1025 14th St.","San Francisco","CA","94114-1221","(415) 241-6300","POINT (-122.436594 37.767229)","Castro/Upper Market","8","2026/02/03 02:02:06 PM","2026/02/06 02:16:51 PM"
"School","38,684,780,117,531","San Francisco Unified","McLaren (John) Children Centers","Active","2008/06/01 12:00:00 AM","false","Traditional","Preschool","P","P","true","No Data","37.713557","-122.421911","2055 Sunnydale Ave.","San Francisco","CA","94134-2611","(415) 469-4519","POINT (-122.421911 37.713557)","McLaren Park","10","2026/02/03 02:02:06 PM","2026/02/06 02:16:51 PM"
"School","38,684,786,909,600","San Francisco Unified","Meadows-livingstone school","Active","1980/07/01 12:00:00 AM","false","No Data","Elementary School (Private)","K","6","false","Www.meadowslivingstoneschool.com","37.749583","-122.405032","1499 Potrero Ave Ste. 1","San Francisco","CA","94110-9411","(415) 695-7735","POINT (-122.405032 37.749583)","Mission","9","2026/02/03 02:02:06 PM","2026/02/06 02:16:51 PM"
"School","38,684,786,040,919","San Francisco Unified","Milk (Harvey) Civil Rights Elementary","Active","1980/07/01 12:00:00 AM","false","Traditional","Elementary Schools (Public)","K","5","true","No Data","37.759148","-122.436340","4235 19th St.","San Francisco","CA","94114-2415","(415) 241-6276","POINT (-122.43634 37.759148)","Castro/Upper Market","8","2026/02/03 02:02:06 PM","2026/02/06 02:16:51 PM"
"School","38,684,786,151,310","San Francisco Unified","Millennium School of San Francisco","Active","2016/04/25 12:00:00 AM","false","No Data","Elementary School (Private)","6","8","false","millenniumschool.org","37.781751","-122.423746","888 Turk St.","San Francisco","CA","94102-3118","(415) 992-8520","POINT (-122.423746 37.781751)","Western Addition","2","2026/02/03 02:02:06 PM","2026/02/06 02:16:51 PM"
"School","38,684,786,041,438","San Francisco Unified","Miraloma Elementary","Active","1980/07/01 12:00:00 AM","false","Traditional","Elementary Schools (Public)","K","5","true","No Data","37.739309","-122.450214","175 Omar Way","San Francisco","CA","94127-1701","(415) 469-4734","POINT (-122.450214 37.739309)","West of Twin Peaks","7","2026/02/03 02:02:06 PM","2026/02/06 02:16:51 PM"
"School","38,684,780,165,480","San Francisco Unified","Mission Bay Elementary","Pending","2026/08/17 12:00:00 AM","false","Traditional","Elementary Schools (Public)","P","5","true","www.sfusd.edu","37.769858","-122.395224","1415 Owens St.","San Francisco","CA","94158-2587","(415) 241-6000","POINT (-122.395224 37.769858)","Mission Bay","6","2026/02/03 02:02:06 PM","2026/02/06 02:16:51 PM"
"School","38,684,786,981,716","San Francisco Unified","Mission Dolores Academy","Active","1980/07/01 12:00:00 AM","false","No Data","Elementary School (Private)","K","8","false","www.mdasf.org","37.764531","-122.428026","3371 16th St.","San Francisco","CA","94114-1712","(415) 346-9500","POINT (-122.428026 37.764531)","Castro/Upper Market","8","2026/02/03 02:02:06 PM","2026/02/06 02:16:51 PM"
"School","38,684,786,089,585","San Francisco Unified","Mission Education Center","Active","1980/07/01 12:00:00 AM","false","Traditional","Elementary Schools (Public)","K","5","true","No Data","37.742282","-122.431061","1670 Noe St.","San Francisco","CA","94131-2357","(415) 695-5313","POINT (-122.431061 37.742282)","Noe Valley","8","2026/02/03 02:02:06 PM","2026/02/06 02:16:51 PM"
"School","38,684,783,834,082","San Francisco Unified","Mission High","Active","1980/07/01 12:00:00 AM","false","Traditional","High Schools (Public)","9","12","true","No Data","37.761403","-122.427287","3750 18th St.","San Francisco","CA","94114-2614","(415) 241-6240","POINT (-122.427287 37.761403)","Castro/Upper Market","8","2026/02/03 02:02:06 PM","2026/02/06 02:16:51 PM"
"School","38,684,786,154,439","San Francisco Unified","Mission Montessori","Active","2017/10/18 12:00:00 AM","false","No Data","Elementary School (Private)","K","6","false","missionmontessori.org","37.776820","-122.418721","50 Fell St.","San Francisco","CA","94102-5206","(415) 805-8315","POINT (-122.418721 37.77682)","Tenderloin","6","2026/02/03 02:02:06 PM","2026/02/06 02:16:51 PM"
"School","38,684,780,123,505","San Francisco Unified","Mission Preparatory","Active","2011/08/15 12:00:00 AM","true","Traditional","Elementary Schools (Public)","K","8","true","www.missionpreparatory.org","37.755441","-122.408574","1050 York St.","San Francisco","CA","94110-3420","(415) 508-9626","POINT (-122.408574 37.755441)","Mission","9","2026/02/03 02:02:06 PM","2026/02/06 02:16:51 PM"
"School","38,684,786,041,446","San Francisco Unified","Monroe Elementary","Active","1980/07/01 12:00:00 AM","false","Traditional","Elementary Schools (Public)","K","5","true","No Data","37.725224","-122.430121","260 Madrid St.","San Francisco","CA","94112-2055","(415) 469-4736","POINT (-122.430121 37.725224)","Excelsior","11","2026/02/03 02:02:06 PM","2026/02/06 02:16:51 PM"
"School","38,684,786,099,154","San Francisco Unified","Moscone (George R.) Elementary","Active","1980/07/01 12:00:00 AM","false","Traditional","Elementary Schools (Public)","K","5","true","No Data","37.756242","-122.412303","2576 Harrison St.","San Francisco","CA","94110-2720","(415) 695-5736","POINT (-122.412303 37.756242)","Mission","9","2026/02/03 02:02:06 PM","2026/02/06 02:16:51 PM"
"School","38,684,786,041,255","San Francisco Unified","Muir (John) Elementary","Active","1980/07/01 12:00:00 AM","false","Traditional","Elementary Schools (Public)","K","5","true","No Data","37.773688","-122.429094","380 Webster St.","San Francisco","CA","94117-3512","(415) 241-6335","POINT (-122.429094 37.773688)","Hayes Valley","5","2026/02/03 02:02:06 PM","2026/02/06 02:16:51 PM"
"School","38,684,786,154,702","San Francisco Unified","My City School","Active","2018/05/12 12:00:00 AM","false","No Data","Elementary School (Private)","5","8","false","https://www.mycityschool.org","37.773560","-122.486902","855 27th Ave.","San Francisco","CA","94121-3619","(415) 260-2316","POINT (-122.486902 37.77356)","Outer Richmond","1","2026/02/03 02:02:06 PM","2026/02/06 02:16:51 PM"
"School","38,684,786,169,627","San Francisco Unified","Nativity","Active","2024/05/07 12:00:00 AM","false","No Data","High Schools (Private)","9","12","false","https://www.nativityhs.org/","37.781921","-122.467320","350 9Th Ave","San Francisco","CA","94118-2211","(415) 322-9229","POINT (-122.46732 37.781921)","Inner Richmond","1","2026/02/03 02:02:06 PM","2026/02/06 02:16:51 PM"
"School","38,684,786,097,919","San Francisco Unified","New Traditions Elementary","Active","1980/07/01 12:00:00 AM","false","Traditional","Elementary Schools (Public)","K","5","true","No Data","37.774310","-122.450324","2049 Grove St.","San Francisco","CA","94117-1123","(415) 750-8490","POINT (-122.450324 37.77431)","Lone Mountain/USF","5","2026/02/03 02:02:06 PM","2026/02/06 02:16:51 PM"
"School","38,684,786,152,961","San Francisco Unified","Nomad","Active","2017/07/28 12:00:00 AM","false","Traditional","Elementary School (Private)","5","8","false","No Data","37.755849","-122.414721","2590 Folsom St.","San Francisco","CA","94110-2622","(415) 745-5882","POINT (-122.414721 37.755849)","Mission","9","2026/02/03 02:02:06 PM","2026/02/06 02:16:51 PM"
"School","38,684,780,117,473","San Francisco Unified","Noriega Children Center","Active","2008/06/01 12:00:00 AM","false","Traditional","Preschool","P","P","true","No Data","37.753466","-122.503387","1775 44th Ave.","San Francisco","CA","94122-4013","(415) 759-2853","POINT (-122.503387 37.753466)","Sunset/Parkside","4","2026/02/03 02:02:06 PM","2026/02/06 02:16:51 PM"
"School","38,684,783,834,769","San Francisco Unified","O'Connell (John) High","Active","1980/07/01 12:00:00 AM","false","Traditional","High Schools (Public)","9","12","true","No Data","37.759631","-122.414687","2355 Folsom St.","San Francisco","CA","94110-2010","(415) 695-5370","POINT (-122.414687 37.759631)","Mission","9","2026/02/03 02:02:06 PM","2026/02/06 02:16:51 PM"
"School","38,684,786,041,271","San Francisco Unified","Ortega (Jose) Elementary","Active","1980/07/01 12:00:00 AM","false","Traditional","Elementary Schools (Public)","K","5","true","No Data","37.716168","-122.466259","400 Sargent St.","San Francisco","CA","94132-3152","(415) 469-4726","POINT (-122.466259 37.716168)","Oceanview/Merced/Ingleside","11","2026/02/03 02:02:06 PM","2026/02/06 02:16:51 PM"
"School","38,684,786,981,559","San Francisco Unified","Our Lady of the Visitacion Elementary","Active","1980/07/01 12:00:00 AM","false","No Data","Elementary School (Private)","K","8","false","www.olvsf.org","37.709685","-122.409473","785 Sunnydale Ave","San Francisco","CA","94134-2842","(415) 239-7840","POINT (-122.409473 37.709685)","Visitacion Valley","10","2026/02/03 02:02:06 PM","2026/02/06 02:16:51 PM"
"School","38,684,786,041,206","San Francisco Unified","Parker (Jean) Elementary","Active","1980/07/01 12:00:00 AM","false","Traditional","Elementary Schools (Public)","K","5","true","No Data","37.797323","-122.411105","840 Broadway St.","San Francisco","CA","94133-4219","(415) 291-7990","POINT (-122.411105 37.797323)","Chinatown","3","2026/02/03 02:02:06 PM","2026/02/06 02:16:51 PM"
"School","38,684,786,041,503","San Francisco Unified","Parks (Rosa) Elementary","Active","1980/07/01 12:00:00 AM","false","Traditional","Elementary Schools (Public)","K","5","true","No Data","37.783681","-122.429454","1501 O'Farrell St.","San Francisco","CA","94115-3762","(415) 749-3519","POINT (-122.429454 37.783681)","Western Addition","5","2026/02/03 02:02:06 PM","2026/02/06 02:16:51 PM"
"School","38,684,786,041,065","San Francisco Unified","Peabody (George) Elementary","Active","1980/07/01 12:00:00 AM","false","Traditional","Elementary Schools (Public)","K","5","true","No Data","37.783947","-122.464567","251 Sixth Ave.","San Francisco","CA","94118-2311","(415) 750-8480","POINT (-122.464567 37.783947)","Inner Richmond","1","2026/02/03 02:02:06 PM","2026/02/06 02:16:51 PM"
"School","38,684,780,117,499","San Francisco Unified","Presidio Early Ed.","Active","2008/06/01 12:00:00 AM","false","Traditional","Preschool","P","P","true","No Data","37.797684","-122.461075","387 Moraga Ave.","San Francisco","CA","94129-2235","(415) 561-5822","POINT (-122.461075 37.797684)","Presidio","2","2026/02/03 02:02:06 PM","2026/02/06 02:16:51 PM"
"School","38,684,786,205,652","San Francisco Unified","Presidio Hill School","Active","2005/05/24 12:00:00 AM","false","No Data","Elementary School (Private)","K","8","false","www.presidiohill.org","37.788675","-122.456047","3839 Washington St.","San Francisco","CA","94118-1612","(415) 751-9318","POINT (-122.456047 37.788675)","Presidio Heights","2","2026/02/03 02:02:06 PM","2026/02/06 02:16:51 PM"
"School","38,684,786,144,034","San Francisco Unified","Presidio Knolls School","Active","2013/01/09 12:00:00 AM","false","No Data","Kindergartens (Private)","K","8","false","www.presidioknolls.org","37.773697","-122.413682","250 10th St.","San Francisco","CA","94103-3811","(415) 202-0770","POINT (-122.413682 37.773697)","South of Market","6","2026/02/03 02:02:06 PM","2026/02/06 02:16:51 PM"
"School","38,684,786,062,079","San Francisco Unified","Presidio Middle","Active","1980/07/01 12:00:00 AM","false","Traditional","Intermediate/Middle Schools (Public)","6","8","true","No Data","37.780831","-122.490102","450 30th Ave.","San Francisco","CA","94121-1766","(415) 750-8435","POINT (-122.490102 37.780831)","Outer Richmond","1","2026/02/03 02:02:06 PM","2026/02/06 02:16:51 PM"
"School","38,684,786,150,254","San Francisco Unified","Proof School","Active","2015/12/02 12:00:00 AM","false","No Data","K-12 Schools (Private)","6","12","false","www.proofschool.org","37.781181","-122.407924","973 Mission St","San Francisco","CA","94103-2912","(415) 426-5700","POINT (-122.407924 37.781181)","South of Market","6","2026/02/03 02:02:06 PM","2026/02/06 02:16:51 PM"
"School","38,684,786,140,974","San Francisco Unified","Red Bridge","Active","2020/09/02 12:00:00 AM","false","No Data","Elementary School (Private)","K","7","false","https://www.redbridgesf.org/","37.761089","-122.388277","2265 Third St.","San Francisco","CA","94107-3125","(415) 598-9038","POINT (-122.388277 37.761089)","Potrero Hill","10","2026/02/03 02:02:06 PM","2026/02/06 02:16:51 PM"
"School","38,684,786,041,511","San Francisco Unified","Redding Elementary","Active","1980/07/01 12:00:00 AM","false","Traditional","Elementary Schools (Public)","K","5","true","No Data","37.789726","-122.419215","1421 Pine St.","San Francisco","CA","94109-4719","(415) 749-3525","POINT (-122.419215 37.789726)","Nob Hill","3","2026/02/03 02:02:06 PM","2026/02/06 02:16:51 PM"
"School","38,684,786,041,487","San Francisco Unified","Revere (Paul) Elementary","Active","1980/07/01 12:00:00 AM","false","Traditional","Elementary Schools (Public)","K","8","true","No Data","37.737142","-122.413174","555 Tompkins Ave.","San Francisco","CA","94110-6144","(415) 695-5656","POINT (-122.413174 37.737142)","Bernal Heights","9","2026/02/03 02:02:06 PM","2026/02/06 02:16:51 PM"
"School","38,684,786,152,532","San Francisco Unified","Rise University Preparatory","Active","2017/02/22 12:00:00 AM","false","No Data","High Schools (Private)","9","12","false","www.riseprep.org","37.738923","-122.382079","1224 Fairfax Ave.","San Francisco","CA","94124-1744","(415) 966-1963","POINT (-122.382079 37.738923)","Bayview Hunters Point","10","2026/02/03 02:02:06 PM","2026/02/06 02:16:51 PM"
"School","38,684,786,089,775","San Francisco Unified","Rooftop Elementary","Active","1980/07/01 12:00:00 AM","false","Traditional","Elementary Schools (Public)","K","8","true","No Data","37.754418","-122.443888","443 Burnett Ave.","San Francisco","CA","94131-1330","(415) 695-5692","POINT (-122.443888 37.754418)","Twin Peaks","8","2026/02/03 02:02:06 PM","2026/02/06 02:16:51 PM"
"School","38,684,786,059,901","San Francisco Unified","Roosevelt Middle","Active","1980/07/01 12:00:00 AM","false","Traditional","Intermediate/Middle Schools (Public)","6","8","true","No Data","37.782249","-122.458952","460 Arguello Blvd.","San Francisco","CA","94118-2505","(415) 750-8446","POINT (-122.458952 37.782249)","Inner Richmond","1","2026/02/03 02:02:06 PM","2026/02/06 02:16:51 PM"
"School","38,684,780,119,875","San Francisco Unified","S.F. International High","Active","2009/08/24 12:00:00 AM","false","Alternative School of Choice","Alternative Schools of Choice","8","12","true","www.sfusd.edu","37.761720","-122.400623","655 DeHaro St.","San Francisco","CA","94107-2727","(415) 695-5781","POINT (-122.400623 37.76172)","Potrero Hill","10","2026/02/03 02:02:06 PM","2026/02/06 02:16:51 PM"
"School","38,684,786,939,748","San Francisco Unified","Sacred Heart Cathedral Preparatory","Active","1980/07/01 12:00:00 AM","false","No Data","High Schools (Private)","9","12","false","www.shcp.edu","37.783524","-122.423457","1055 Ellis St.","San Francisco","CA","94109-7716","(415) 775-6626","POINT (-122.423457 37.783524)","Western Addition","2","2026/02/03 02:02:06 PM","2026/02/06 02:16:51 PM"
"School","38,684,786,981,682","San Francisco Unified","Saint Brigid Academy","Active","1980/07/01 12:00:00 AM","false","No Data","Elementary School (Private)","K","8","false","https://www.saintbrigidsf.org/","37.795337","-122.424826","2250 Franklin St.","San Francisco","CA","94109-2428","(415) 673-4523","POINT (-122.424826 37.795337)","Pacific Heights","2","2026/02/03 02:02:06 PM","2026/02/06 02:16:51 PM"
"School","38,684,786,980,585","San Francisco Unified","Saint Monica School","Active","1980/07/01 12:00:00 AM","false","No Data","Elementary School (Private)","K","8","false","www.stmonicasf.org","37.780236","-122.483524","5950 Geary Blvd.","San Francisco","CA","94121-2007","(415) 751-9564","POINT (-122.483524 37.780236)","Outer Richmond","1","2026/02/03 02:02:06 PM","2026/02/06 02:16:51 PM"
"School","38,684,786,980,718","San Francisco Unified","San Francisco Adventist School","Active","1980/07/01 12:00:00 AM","false","No Data","Elementary School (Private)","K","8","false","https://www.sfasonline.org/","37.722215","-122.450839","66 Geneva Ave.","San Francisco","CA","94112-2304","(415) 585-5550","POINT (-122.450839 37.722215)","Oceanview/Merced/Ingleside","11","2026/02/03 02:02:06 PM","2026/02/06 02:16:51 PM"
"School","38,684,786,980,692","San Francisco Unified","San Francisco Christian School","Active","1980/07/01 12:00:00 AM","false","No Data","K-12 Schools (Private)","K","12","false","www.sfchristianschool.org","37.710037","-122.447754","25 Whittier St.","San Francisco","CA","94112-4213","(415) 586-1117","POINT (-122.447754 37.710037)","Excelsior","11","2026/02/03 02:02:06 PM","2026/02/06 02:16:51 PM"
"School","38,684,787,095,755","San Francisco Unified","San Francisco City Academy","Active","1980/07/01 12:00:00 AM","false","No Data","K-12 Schools (Private)","K","5","false","sfcityacademy.com","37.783496","-122.412406","230 Jones St.","San Francisco","CA","94102-2662","(415) 813-6259","POINT (-122.412406 37.783496)","Tenderloin","5","2026/02/03 02:02:06 PM","2026/02/06 02:16:51 PM"
"School","38,684,786,093,488","San Francisco Unified","San Francisco Community Alternative","Active","1980/07/01 12:00:00 AM","false","Traditional","Elementary Schools (Public)","K","8","true","No Data","37.725815","-122.432624","125 Excelsior Ave.","San Francisco","CA","94112-2041","(415) 469-4739","POINT (-122.432624 37.725815)","Excelsior","11","2026/02/03 02:02:06 PM","2026/02/06 02:16:51 PM"
"School","38,684,786,915,748","San Francisco Unified","San Francisco Day School","Active","1980/07/01 12:00:00 AM","false","No Data","Elementary School (Private)","K","8","false","www.sfday.org","37.777894","-122.446137","2160 Golden Gate Ave","San Francisco","CA","94118","(415) 931-2422","POINT (-122.446137 37.777894)","Lone Mountain/USF","2","2026/02/03 02:02:06 PM","2026/02/06 02:16:51 PM"
"School","38,684,786,204,762","San Francisco Unified","San Francisco Friends School","Active","2004/08/12 12:00:00 AM","false","No Data","Elementary School (Private)","K","8","false","sffriendsschool.org","37.768979","-122.422908","250 Valencia St.","San Francisco","CA","94103-2322","(415) 565-0400","POINT (-122.422908 37.768979)","Mission","9","2026/02/03 02:02:06 PM","2026/02/06 02:16:51 PM"
"School","38,684,786,139,463","San Francisco Unified","San Francisco High School of the Arts","Active","2011/03/21 12:00:00 AM","false","No Data","K-12 Schools (Private)","5","12","false","https://www.highschoolofthearts.org/","37.770342","-122.452939","1950 Page St.","San Francisco","CA","94117-1804","(415) 431-3161","POINT (-122.452939 37.770342)","Haight Ashbury","5","2026/02/03 02:02:06 PM","2026/02/06 02:16:51 PM"
"School","38,684,786,158,539","San Francisco Unified","San Francisco Islamic School","Active","2019/06/27 12:00:00 AM","false","No Data","Elementary School (Private)","K","8","false","www.sfislamicschool.org","37.713750","-122.454287","55 Farallones Ave","San Francisco","CA","94112-3005","(415) 310-7003","POINT (-122.454287 37.71375)","Oceanview/Merced/Ingleside","11","2026/02/03 02:02:06 PM","2026/02/06 02:16:51 PM"
"School","38,684,786,146,054","San Francisco Unified","San Francisco Pacific Academy","Active","2013/12/14 12:00:00 AM","false","No Data","Elementary School (Private)","K","8","false","https://sfpacificacademy.org/","37.775640","-122.494287","3301 Balboa St.","San Francisco","CA","94121-2703","(415) 800-0730","POINT (-122.494287 37.77564)","Outer Richmond","1","2026/02/03 02:02:06 PM","2026/02/06 02:16:51 PM"
"School","38,684,780,123,117","San Francisco Unified","San Francisco Public Montessori","Active","2010/08/16 12:00:00 AM","false","Traditional","Elementary Schools (Public)","K","5","true","www.sfpublicmontessori.com","37.792616","-122.433547","2340 Jackson St.","San Francisco","CA","94115-1323","(415) 749-3544","POINT (-122.433547 37.792616)","Pacific Heights","2","2026/02/03 02:02:06 PM","2026/02/06 02:16:51 PM"
"School","38,684,786,980,726","San Francisco Unified","San Francisco School, The","Active","1980/07/01 12:00:00 AM","false","No Data","Elementary School (Private)","K","8","false","www.sfschool.org","37.732780","-122.411698","300 Gaven St.","San Francisco","CA","94134-1113","(415) 239-5065","POINT (-122.411698 37.73278)","Portola","9","2026/02/03 02:02:06 PM","2026/02/06 02:16:51 PM"
"School","38,684,786,143,952","San Francisco Unified","San Francisco Schoolhouse","Active","2012/12/27 12:00:00 AM","false","No Data","Elementary School (Private)","K","8","false","Sfschoolhouse.org","37.774870","-122.430191","735 Fell St.","San Francisco","CA","94117-2608","(415) 966-2252","POINT (-122.430191 37.77487)","Hayes Valley","5","2026/02/03 02:02:06 PM","2026/02/06 02:16:51 PM"
"School","38,684,786,939,698","San Francisco Unified","San Francisco University High School","Active","1980/07/01 12:00:00 AM","false","No Data","High Schools (Private)","9","12","false","sfuhs.org","37.790956","-122.445353","3065 Jackson St","San Francisco","CA","94115-1022","(415) 447-3122","POINT (-122.445353 37.790956)","Pacific Heights","2","2026/02/03 02:02:06 PM","2026/02/06 02:16:51 PM"
"School","38,684,786,907,927","San Francisco Unified","San Francisco Waldorf School","Active","1980/07/01 12:00:00 AM","false","No Data","K-12 Schools (Private)","K","12","false","www.sfwaldorf.org","37.790920","-122.441910","2938 Washington St","San Francisco","CA","94115-1727","(415) 931-2750","POINT (-122.44191 37.79092)","Pacific Heights","2","2026/02/03 02:02:06 PM","2026/02/06 02:16:51 PM"
"School","38,684,780,117,481","San Francisco Unified","San Miguel Children Center","Active","2008/06/01 12:00:00 AM","false","Traditional","Preschool","P","P","true","No Data","37.721211","-122.444754","300 Seneca Ave.","San Francisco","CA","94112-3248","(415) 469-4756","POINT (-122.444754 37.721211)","Outer Mission","11","2026/02/03 02:02:06 PM","2026/02/06 02:16:51 PM"
"School","38,684,786,041,545","San Francisco Unified","Sanchez Elementary","Active","1980/07/01 12:00:00 AM","false","Traditional","Elementary Schools (Public)","K","5","true","No Data","37.763967","-122.430768","325 Sanchez St.","San Francisco","CA","94114-1615","(415) 241-6380","POINT (-122.430768 37.763967)","Castro/Upper Market","8","2026/02/03 02:02:06 PM","2026/02/06 02:16:51 PM"
"School","38,684,786,980,734","San Francisco Unified","School of the Epiphany","Active","1980/07/01 12:00:00 AM","false","No Data","Elementary School (Private)","K","8","false","sfepiphany.org","37.716192","-122.434907","600 Italy Ave.","San Francisco","CA","94112-3519","(415) 337-4030","POINT (-122.434907 37.716192)","Excelsior","11","2026/02/03 02:02:06 PM","2026/02/06 02:16:51 PM"
"School","38,684,786,041,289","San Francisco Unified","Serra (Junipero) Elementary","Active","1980/07/01 12:00:00 AM","false","Traditional","Elementary Schools (Public)","K","5","true","No Data","37.736733","-122.421137","625 Holly Park Cir.","San Francisco","CA","94110-5815","(415) 695-5685","POINT (-122.421137 37.736733)","Bernal Heights","9","2026/02/03 02:02:06 PM","2026/02/06 02:16:51 PM"
"School","38,684,786,041,560","San Francisco Unified","Sheridan Elementary","Active","1980/07/01 12:00:00 AM","false","Traditional","Elementary Schools (Public)","K","5","true","No Data","37.714331","-122.459134","431 Capitol Ave.","San Francisco","CA","94112-2934","(415) 469-4743","POINT (-122.459134 37.714331)","Oceanview/Merced/Ingleside","11","2026/02/03 02:02:06 PM","2026/02/06 02:16:51 PM"
"School","38,684,786,041,578","San Francisco Unified","Sherman Elementary","Active","1980/07/01 12:00:00 AM","false","Traditional","Elementary Schools (Public)","K","5","true","No Data","37.798273","-122.426203","1651 Union St.","San Francisco","CA","94123-4506","(415) 749-3530","POINT (-122.426203 37.798273)","Marina","2","2026/02/03 02:02:06 PM","2026/02/06 02:16:51 PM"
"School","38,684,786,040,851","San Francisco Unified","Sloat (Commodore) Elementary","Active","1980/07/01 12:00:00 AM","false","Traditional","Elementary Schools (Public)","K","5","true","No Data","37.731881","-122.470965","50 Darien Way","San Francisco","CA","94127-1902","(415) 759-2807","POINT (-122.470965 37.731881)","West of Twin Peaks","7","2026/02/03 02:02:06 PM","2026/02/06 02:16:51 PM"
"School","38,684,786,041,594","San Francisco Unified","Spring Valley Elementary","Active","1980/07/01 12:00:00 AM","false","Traditional","Elementary Schools (Public)","K","5","true","No Data","37.794403","-122.418992","1451 Jackson St.","San Francisco","CA","94109-3115","(415) 749-3535","POINT (-122.418992 37.794403)","Russian Hill","3","2026/02/03 02:02:06 PM","2026/02/06 02:16:51 PM"
"School","38,684,786,981,773","San Francisco Unified","St James School","Active","1980/07/01 12:00:00 AM","false","No Data","Elementary School (Private)","K","8","false","www.saintjames.org","37.751345","-122.423676","321 Fair Oaks St.","San Francisco","CA","94110-3616","(415) 647-8972","POINT (-122.423676 37.751345)","Mission","8","2026/02/03 02:02:06 PM","2026/02/06 02:16:51 PM"
"School","38,684,786,981,658","San Francisco Unified","St. Anne School","Active","1980/07/01 12:00:00 AM","false","No Data","Elementary School (Private)","K","8","false","www.stanne.com","37.763304","-122.471509","1320 14th Ave.","San Francisco","CA","94122-2104","(415) 664-7977","POINT (-122.471509 37.763304)","Inner Sunset","7","2026/02/03 02:02:06 PM","2026/02/06 02:16:51 PM"
"School","38,684,786,981,666","San Francisco Unified","St. Anthony–Immaculate Conception","Active","1980/07/01 12:00:00 AM","false","No Data","Elementary School (Private)","K","8","false","www.saicsf.org","37.747329","-122.413856","299 Precita Ave.","San Francisco","CA","94110-4627","(415) 648-2008","POINT (-122.413856 37.747329)","Bernal Heights","9","2026/02/03 02:02:06 PM","2026/02/06 02:16:51 PM"
"School","38,684,786,981,674","San Francisco Unified","St. Brendan Elementary","Active","1980/07/01 12:00:00 AM","false","No Data","Elementary School (Private)","K","8","false","stbrendansf.com","37.742801","-122.456493","940 Laguna Honda Blvd.","San Francisco","CA","94127-1239","(415) 731-2665","POINT (-122.456493 37.742801)","West of Twin Peaks","7","2026/02/03 02:02:06 PM","2026/02/06 02:16:51 PM"
"School","38,684,786,981,690","San Francisco Unified","St. Cecilia Elementary","Active","1980/07/01 12:00:00 AM","false","No Data","Elementary School (Private)","K","8","false","www.stceciliaschool.org","37.739403","-122.473942","660 Vicente St.","San Francisco","CA","94116-3077","(415) 731-8400","POINT (-122.473942 37.739403)","West of Twin Peaks","7","2026/02/03 02:02:06 PM","2026/02/06 02:16:51 PM"
"School","38,684,786,981,740","San Francisco Unified","St. Finn Barr Catholic School","Active","1980/07/01 12:00:00 AM","false","No Data","Elementary School (Private)","K","8","false","www.stfinnbarr.org","37.730349","-122.447365","419 Hearst Ave.","San Francisco","CA","94112-1350","(415) 333-1800","POINT (-122.447365 37.730349)","West of Twin Peaks","7","2026/02/03 02:02:06 PM","2026/02/06 02:16:51 PM"
"School","38,684,786,981,765","San Francisco Unified","St. Gabriel Elementary School","Active","1980/07/01 12:00:00 AM","false","No Data","Elementary School (Private)","K","9","false","stgabrielsf.com","37.739373","-122.498992","2550 41st Ave.","San Francisco","CA","94116-2708","(415) 566-0314","POINT (-122.498992 37.739373)","Sunset/Parkside","4","2026/02/03 02:02:06 PM","2026/02/06 02:16:51 PM"
"School","38,684,786,939,722","San Francisco Unified","St. Ignatius College Preparatory","Active","1980/07/01 12:00:00 AM","false","No Data","High Schools (Private)","6","12","false","www.siprep.org","37.748400","-122.495771","2001 37th Ave.","San Francisco","CA","94116-1165","(415) 731-7500","POINT (-122.495771 37.7484)","Sunset/Parkside","4","2026/02/03 02:02:06 PM","2026/02/06 02:16:51 PM"
"School","38,684,786,139,893","San Francisco Unified","St. John the Evangelist","Active","2011/03/21 12:00:00 AM","false","No Data","Elementary School (Private)","K","8","false","https://stjohnseagles.com/","37.735227","-122.437712","925 Chenery St.","San Francisco","CA","94131-2962","(415) 584-8383","POINT (-122.437712 37.735227)","Glen Park","8","2026/02/03 02:02:06 PM","2026/02/06 02:16:51 PM"
"School","38,684,786,980,601","San Francisco Unified","St. Paul's","Active","1980/07/01 12:00:00 AM","false","No Data","Elementary School (Private)","K","8","false","www.stpaulschoolsf.org","37.744051","-122.426868","1690 Church St.","San Francisco","CA","94131-2453","(415) 648-2055","POINT (-122.426868 37.744051)","Noe Valley","8","2026/02/03 02:02:06 PM","2026/02/06 02:16:51 PM"
"School","38,684,786,980,619","San Francisco Unified","St. Peter's School","Active","1980/07/01 12:00:00 AM","false","No Data","Elementary School (Private)","K","8","false","www.stpeterssf.org","37.751672","-122.409996","1266 Florida St.","San Francisco","CA","94110-4113","(415) 647-8662","POINT (-122.409996 37.751672)","Mission","9","2026/02/03 02:02:06 PM","2026/02/06 02:16:51 PM"
"School","38,684,786,980,627","San Francisco Unified","St. Philip School","Active","1980/07/01 12:00:00 AM","false","No Data","Elementary School (Private)","K","8","false","www.saintphilipschool.org","37.751866","-122.436301","665 Elizabeth St.","San Francisco","CA","94114-3229","(415) 824-8467","POINT (-122.436301 37.751866)","Noe Valley","8","2026/02/03 02:02:06 PM","2026/02/06 02:16:51 PM"
"School","38,684,786,980,643","San Francisco Unified","St. Stephen School","Active","1980/07/01 12:00:00 AM","false","No Data","Elementary School (Private)","K","8","false","http://www.ststephenschoolsf.org/","37.730674","-122.475280","401 Eucalyptus Dr.","San Francisco","CA","94132-1528","(415) 664-8331","POINT (-122.47528 37.730674)","Lakeshore","4","2026/02/03 02:02:06 PM","2026/02/06 02:16:51 PM"
"School","38,684,786,980,650","San Francisco Unified","St. Thomas More","Active","1980/07/01 12:00:00 AM","false","No Data","Elementary School (Private)","K","8","false","www.stthomasmoreschool.org","37.712255","-122.473044","50 Thomas More Way","San Francisco","CA","94132-2911","(415) 337-0100","POINT (-122.473044 37.712255)","Lakeshore","7","2026/02/03 02:02:06 PM","2026/02/06 02:16:51 PM"
"School","38,684,786,980,676","San Francisco Unified","St. Vincent de Paul School","Active","1980/07/01 12:00:00 AM","false","No Data","Elementary School (Private)","K","8","false","svdpsf.com","37.796274","-122.437744","2350 Green St.","San Francisco","CA","94123-4625","(415) 346-5505","POINT (-122.437744 37.796274)","Marina","2","2026/02/03 02:02:06 PM","2026/02/06 02:16:51 PM"
"School","38,684,786,162,598","San Francisco Unified","Stella Maris Academy","Active","2021/11/16 12:00:00 AM","false","No Data","Elementary School (Private)","K","8","false","https://www.stellamarissf.org","37.781586","-122.467362","360 9Th Ave","San Francisco","CA","94118-2211","(628) 977-4836","POINT (-122.467362 37.781586)","Inner Richmond","1","2026/02/03 02:02:06 PM","2026/02/06 02:16:51 PM"
"School","38,684,786,999,379","San Francisco Unified","Sterne School","Active","1980/07/01 12:00:00 AM","false","No Data","K-12 Schools (Private)","4","12","false","www.sterneschool.org","37.795892","-122.404864","838 Kearny St.","San Francisco","CA","94108-1304","(415) 922-6081","POINT (-122.404864 37.795892)","Chinatown","3","2026/02/03 02:02:06 PM","2026/02/06 02:16:51 PM"
"School","38,684,786,041,529","San Francisco Unified","Stevenson (Robert Louis) Elementary","Active","1980/07/01 12:00:00 AM","false","Traditional","Elementary Schools (Public)","K","5","true","No Data","37.748857","-122.492300","2051 34th Ave.","San Francisco","CA","94116-1109","(415) 759-2837","POINT (-122.4923 37.748857)","Sunset/Parkside","4","2026/02/03 02:02:06 PM","2026/02/06 02:16:51 PM"
"School","38,684,780,117,465","San Francisco Unified","Stockton (Commodore) Children Center","Active","2008/06/01 12:00:00 AM","false","Traditional","Preschool","P","P","true","No Data","37.795046","-122.408832","1 Trenton St.","San Francisco","CA","94108-1112","(415) 291-7932","POINT (-122.408832 37.795046)","Chinatown","3","2026/02/03 02:02:06 PM","2026/02/06 02:16:51 PM"
"School","38,684,786,159,156","San Francisco Unified","Stratford School","Active","2019/10/14 12:00:00 AM","false","No Data","Elementary School (Private)","K","5","false","www.stratfordschools.com","37.776134","-122.472818","645 14th Ave.","San Francisco","CA","94118-3502","(415) 742-4254","POINT (-122.472818 37.776134)","Outer Richmond","1","2026/02/03 02:02:06 PM","2026/02/06 02:16:51 PM"
"School","38,684,786,135,651","San Francisco Unified","Stratford School","Active","2009/04/28 12:00:00 AM","false","No Data","Kindergartens (Private)","K","5","false","www.stratfordschools.com","37.723337","-122.461497","301 De Montfort Ave.","San Francisco","CA","94112-1733","(415) 333-3134","POINT (-122.461497 37.723337)","Oceanview/Merced/Ingleside","11","2026/02/03 02:02:06 PM","2026/02/06 02:16:51 PM"
"School","38,684,786,156,640","San Francisco Unified","Stratford School San Francisco","Active","2018/10/18 12:00:00 AM","false","No Data","Elementary School (Private)","6","8","false","stratfordschools.com","37.727161","-122.434847","75 Francis St.","San Francisco","CA","94112-1924","(415) 715-8648","POINT (-122.434847 37.727161)","Outer Mission","11","2026/02/03 02:02:06 PM","2026/02/06 02:16:51 PM"
"School","38,684,786,980,684","San Francisco Unified","Sts. Peter and Paul Elementary","Active","1980/07/01 12:00:00 AM","false","No Data","Elementary School (Private)","K","8","false","www.sspeterpaulsf.org","37.801350","-122.410360","660 Filbert St.","San Francisco","CA","94133-2805","(415) 421-5219","POINT (-122.41036 37.80135)","North Beach","3","2026/02/03 02:02:06 PM","2026/02/06 02:16:51 PM"
"School","38,684,786,041,610","San Francisco Unified","Sunnyside Elementary","Active","1980/07/01 12:00:00 AM","false","Traditional","Elementary Schools (Public)","K","5","true","https://www.sunnysidesf.org/","37.730307","-122.448794","250 Foerster St.","San Francisco","CA","94112-1341","(415) 469-4746","POINT (-122.448794 37.730307)","West of Twin Peaks","7","2026/02/03 02:02:06 PM","2026/02/06 02:16:51 PM"
"School","38,684,786,113,997","San Francisco Unified","Sunset Elementary","Active","1996/08/28 12:00:00 AM","false","Traditional","Elementary Schools (Public)","K","5","true","No Data","37.750743","-122.499799","1920 41st Ave.","San Francisco","CA","94116-1101","(415) 759-2760","POINT (-122.499799 37.750743)","Sunset/Parkside","4","2026/02/03 02:02:06 PM","2026/02/06 02:16:51 PM"
"School","38,684,786,041,644","San Francisco Unified","Sutro Elementary","Active","1980/07/01 12:00:00 AM","false","Traditional","Elementary Schools (Public)","K","5","true","No Data","37.783932","-122.471025","235 12th Ave.","San Francisco","CA","94118-2103","(415) 750-8525","POINT (-122.471025 37.783932)","Inner Richmond","1","2026/02/03 02:02:06 PM","2026/02/06 02:16:51 PM"
"School","38,684,786,905,913","San Francisco Unified","Synergy School","Active","1980/07/01 12:00:00 AM","false","No Data","Elementary School (Private)","K","8","false","www.synergyschool.org","37.750938","-122.420143","1387 Valencia St.","San Francisco","CA","94110-3714","(415) 567-6177","POINT (-122.420143 37.750938)","Mission","9","2026/02/03 02:02:06 PM","2026/02/06 02:16:51 PM"
"School","38,684,786,040,943","San Francisco Unified","Taylor (Edward R.) Elementary","Active","1980/07/01 12:00:00 AM","false","Traditional","Elementary Schools (Public)","K","5","true","No Data","37.728000","-122.407332","423 Burrows St.","San Francisco","CA","94134-1449","(415) 330-1530","POINT (-122.407332 37.728)","Portola","9","2026/02/03 02:02:06 PM","2026/02/06 02:16:51 PM"
"School","38,684,786,161,921","San Francisco Unified","TCS","Active","2021/10/04 12:00:00 AM","false","No Data","K-12 Schools (Private)","K","12","false","tcsglobal.org","37.789971","-122.400884","548 Market St., No 41193","San Francisco","CA","94104","(415) 938-4934","POINT (-122.400884 37.789971)","Financial District/South Beach","3","2026/02/03 02:02:06 PM","2026/02/06 02:16:51 PM"
"School","38,684,786,115,901","San Francisco Unified","Tenderloin Community","Active","1998/08/25 12:00:00 AM","false","Traditional","Elementary Schools (Public)","K","5","true","No Data","37.782061","-122.419799","627 Turk St.","San Francisco","CA","94102-3212","(415) 749-3567","POINT (-122.419799 37.782061)","Tenderloin","5","2026/02/03 02:02:06 PM","2026/02/06 02:16:51 PM"
"School","38,684,786,169,163","San Francisco Unified","Terra San Francisco School","Active","2024/01/22 12:00:00 AM","false","No Data","Kindergartens (Private)","K","3","false","https://www.terraschools.org/","37.775338","-122.499658","3801 Balboa St.","San Francisco","CA","94121-2512","(415) 906-2220","POINT (-122.499658 37.775338)","Outer Richmond","1","2026/02/03 02:02:06 PM","2026/02/06 02:16:51 PM"
"School","38,684,786,138,176","San Francisco Unified","The Bay School of San Francisco","Active","2009/04/28 12:00:00 AM","false","No Data","High Schools (Private)","9","12","false","bayschoolsf.org","37.800780","-122.455646","35 Keyes Ave","San Francisco","CA","94129-1736","(415) 561-5800","POINT (-122.455646 37.80078)","Presidio","2","2026/02/03 02:02:06 PM","2026/02/06 02:16:51 PM"
"School","38,684,786,152,565","San Francisco Unified","The Brandeis School of San Francisco","Active","2017/02/27 12:00:00 AM","false","No Data","Elementary School (Private)","K","8","false","www.sfbrandeis.org","37.713285","-122.475599","655 Brotherhood Way","San Francisco","CA","94132-2901","(415) 406-1035","POINT (-122.475599 37.713285)","Lakeshore","7","2026/02/03 02:02:06 PM","2026/02/06 02:16:51 PM"
"School","38,684,786,168,728","San Francisco Unified","The Dahlia School of San Francisco Elementary","Active","2023/10/26 12:00:00 AM","false","No Data","Elementary School (Private)","K","6","false","www.thedahliaschoolsf.org","37.772413","-122.391205","1245 4Th St.","San Francisco","CA","94158-2249","(415) 425-3073","POINT (-122.391205 37.772413)","Mission Bay","6","2026/02/03 02:02:06 PM","2026/02/06 02:16:51 PM"
"School","38,684,786,997,829","San Francisco Unified","The Hamlin School","Active","1980/07/01 12:00:00 AM","false","No Data","Elementary School (Private)","K","8","false","https://www.hamlin.org/","37.794904","-122.432524","2120 BRd.way St.","San Francisco","CA","94115","(415) 922-0300","POINT (-122.432524 37.794904)","Pacific Heights","2","2026/02/03 02:02:06 PM","2026/02/06 02:16:51 PM"
"School","38,684,786,981,195","San Francisco Unified","The International School of San Francisco","Active","1980/07/01 12:00:00 AM","false","No Data","K-12 Schools (Private)","K","12","false","https://www.internationalsf.org/","37.775341","-122.421751","150 Oak St.","San Francisco","CA","94102-5912","(415) 558-2000","POINT (-122.421751 37.775341)","Hayes Valley","5","2026/02/03 02:02:06 PM","2026/02/06 02:16:51 PM"
"School","38,684,786,170,989","San Francisco Unified","The Neos Bayview Academy","Active","2024/10/22 12:00:00 AM","false","No Data","Elementary School (Private)","K","5","false","neoskids.org","37.717953","-122.387036","950 Gilman Ave.","San Francisco","CA","94124-3709","(415) 336-0200","POINT (-122.387036 37.717953)","Bayview Hunters Point","10","2026/02/03 02:02:06 PM","2026/02/06 02:16:51 PM"
"School","38,684,786,040,935","San Francisco Unified","Thomas Edison Charter Academy","Active","1998/08/25 12:00:00 AM","true","Traditional","Elementary Schools (Public)","K","8","true","www.teca-sf.org","37.754937","-122.426202","3531 22nd St.","San Francisco","CA","94114-3405","(415) 970-3330","POINT (-122.426202 37.754937)","Noe Valley","8","2026/02/03 02:02:06 PM","2026/02/06 02:16:51 PM"
"School","38,684,786,980,833","San Francisco Unified","Town School for Boys","Active","1980/07/01 12:00:00 AM","false","No Data","Elementary School (Private)","K","8","false","www.townschool.com","37.791895","-122.440117","2750 Jackson St.","San Francisco","CA","94115-1144","(415) 921-3747","POINT (-122.440117 37.791895)","Pacific Heights","2","2026/02/03 02:02:06 PM","2026/02/06 02:16:51 PM"
"School","38,684,780,117,523","San Francisco Unified","Tule Elk Park Children Center","Active","2008/06/01 12:00:00 AM","false","Traditional","Preschool","P","P","true","No Data","37.799407","-122.434534","2110 Greenwich St.","San Francisco","CA","94123-3405","(415) 749-3551","POINT (-122.434534 37.799407)","Marina","2","2026/02/03 02:02:06 PM","2026/02/06 02:16:51 PM"
"School","38,684,786,041,685","San Francisco Unified","Ulloa Elementary","Active","1980/07/01 12:00:00 AM","false","Traditional","Elementary Schools (Public)","K","5","true","No Data","37.737302","-122.499954","2650 42nd Ave.","San Francisco","CA","94116-2714","(415) 759-2841","POINT (-122.499954 37.737302)","Sunset/Parkside","4","2026/02/03 02:02:06 PM","2026/02/06 02:16:51 PM"
"School","38,684,786,938,930","San Francisco Unified","Urban School of San Francisco","Active","1980/07/01 12:00:00 AM","false","No Data","High Schools (Private)","9","12","false","www.urbanschool.org","37.770967","-122.446249","1563 Page St.","San Francisco","CA","94117-2017","(415) 626-2919","POINT (-122.446249 37.770967)","Haight Ashbury","5","2026/02/03 02:02:06 PM","2026/02/06 02:16:51 PM"
"School","38,684,786,041,701","San Francisco Unified","Visitacion Valley Elementary","Active","1980/07/01 12:00:00 AM","false","Traditional","Elementary Schools (Public)","K","5","true","No Data","37.712680","-122.410365","55 Schwerin St.","San Francisco","CA","94134-2742","(415) 469-4796","POINT (-122.410365 37.71268)","Visitacion Valley","10","2026/02/03 02:02:06 PM","2026/02/06 02:16:51 PM"
"School","38,684,786,059,919","San Francisco Unified","Visitacion Valley Middle","Active","1980/07/01 12:00:00 AM","false","Traditional","Intermediate/Middle Schools (Public)","6","8","true","No Data","37.715632","-122.412417","1971 Visitacion Ave.","San Francisco","CA","94134-2700","(415) 469-4590","POINT (-122.412417 37.715632)","McLaren Park","10","2026/02/03 02:02:06 PM","2026/02/06 02:16:51 PM"
"School","38,684,783,830,205","San Francisco Unified","Wallenberg (Raoul) Traditional High","Active","1980/07/01 12:00:00 AM","false","Traditional","High Schools (Public)","9","12","true","No Data","37.780171","-122.445755","40 Vega St.","San Francisco","CA","94115-3826","(415) 749-3469","POINT (-122.445755 37.780171)","Lone Mountain/USF","2","2026/02/03 02:02:06 PM","2026/02/06 02:16:51 PM"
"School","38,684,783,839,081","San Francisco Unified","Washington (George) High","Active","1980/07/01 12:00:00 AM","false","Traditional","High Schools (Public)","9","12","true","No Data","37.777781","-122.492032","600 32nd Ave.","San Francisco","CA","94121-2733","(415) 750-8400","POINT (-122.492032 37.777781)","Outer Richmond","1","2026/02/03 02:02:06 PM","2026/02/06 02:16:51 PM"
"School","38,684,786,040,893","San Francisco Unified","Webster (Daniel) Elementary","Active","1980/07/01 12:00:00 AM","false","Traditional","Elementary Schools (Public)","K","5","true","No Data","37.760489","-122.396236","465 Missouri St.","San Francisco","CA","94107-2826","(415) 695-5787","POINT (-122.396236 37.760489)","Potrero Hill","10","2026/02/03 02:02:06 PM","2026/02/06 02:16:51 PM"
"School","38,684,780,117,515","San Francisco Unified","Weill (Raphael) Children Center","Active","2008/06/01 12:00:00 AM","false","Traditional","Preschool","P","P","true","No Data","37.783512","-122.430134","1501 O'Farrell St.","San Francisco","CA","94115-3762","(415) 749-3548","POINT (-122.430134 37.783512)","Western Addition","5","2026/02/03 02:02:06 PM","2026/02/06 02:16:51 PM"
"School","38,684,783,830,031","San Francisco Unified","Wells (Ida B.) High","Active","1980/07/01 12:00:00 AM","false","Continuation School","Continuation High Schools","9","12","true","No Data","37.775392","-122.434461","1099 Hayes St.","San Francisco","CA","94117-1621","(415) 241-6315","POINT (-122.434461 37.775392)","Hayes Valley","5","2026/02/03 02:02:06 PM","2026/02/06 02:16:51 PM"
"School","38,684,786,203,384","San Francisco Unified","Wen Jian Ying","Active","2004/08/12 12:00:00 AM","false","No Data","Elementary School (Private)","K","12","false","No Data","37.728160","-122.447611","259 Judson Ave.","San Francisco","CA","94112-1848","(415) 586-6987","POINT (-122.447611 37.72816)","West of Twin Peaks","7","2026/02/03 02:02:06 PM","2026/02/06 02:16:51 PM"
"School","38,684,786,041,727","San Francisco Unified","West Portal Elementary","Active","1980/07/01 12:00:00 AM","false","Traditional","Elementary Schools (Public)","K","5","true","No Data","37.743572","-122.464683","5 Lenox Way","San Francisco","CA","94127-1111","(415) 759-2846","POINT (-122.464683 37.743572)","West of Twin Peaks","7","2026/02/03 02:02:06 PM","2026/02/06 02:16:51 PM"
"School","38,684,786,980,874","San Francisco Unified","West Portal Lutheran School","Active","1980/07/01 12:00:00 AM","false","No Data","Elementary School (Private)","K","8","false","https://www.wplsf.com/","37.735255","-122.473426","200 Sloat Blvd","San Francisco","CA","94132-1621","(415) 665-6330","POINT (-122.473426 37.735255)","West of Twin Peaks","7","2026/02/03 02:02:06 PM","2026/02/06 02:16:51 PM"
"School","38,684,786,041,131","San Francisco Unified","Yick Wo Elementary","Active","1980/07/01 12:00:00 AM","false","Traditional","Elementary Schools (Public)","K","5","true","No Data","37.801906","-122.416304","2245 Jones St.","San Francisco","CA","94133-2207","(415) 749-3540","POINT (-122.416304 37.801906)","Russian Hill","3","2026/02/03 02:02:06 PM","2026/02/06 02:16:51 PM"
"School","38,684,786,113,245","San Francisco Unified","Yu (Alice Fong) Elementary","Active","1995/09/05 12:00:00 AM","false","Traditional","Elementary Schools (Public)","K","8","true","No Data","37.759405","-122.469314","1541 12th Ave.","San Francisco","CA","94122-3503","(415) 759-2764","POINT (-122.469314 37.759405)","Inner Sunset","7","2026/02/03 02:02:06 PM","2026/02/06 02:16:51 PM"
"School","38,684,786,980,890","San Francisco Unified","Zion Lutheran School","Active","1980/07/01 12:00:00 AM","false","No Data","Elementary School (Private)","K","8","false","www.zionsfschool.org","37.779241","-122.467633","495 9th Ave.","San Francisco","CA","94118-2912","(415) 221-7500","POINT (-122.467633 37.779241)","Inner Richmond","1","2026/02/03 02:02:06 PM","2026/02/06 02:16:51 PM"
"School","38,684,786,171,813","San Francisco Unified","Andrews family home school","Active","2025/04/15 12:00:00 AM","false","No Data","K-12 Schools (Private)","K","12","false","No Data","Information Redacted","Information Redacted","Information Redacted","Information Redacted","Information Redacted","Information Redacted","Information Redacted",,,,"2026/02/03 02:02:06 PM","2026/02/06 02:16:51 PM"
"School","38,684,786,170,609","San Francisco Unified","Sovereign Private School","Active","2024/09/26 12:00:00 AM","false","No Data","K-12 Schools (Private)","K","12","false","soveriegnprivate.school","Information Redacted","Information Redacted","Information Redacted","Information Redacted","Information Redacted","Information Redacted","Information Redacted",,,,"2026/02/03 02:02:06 PM","2026/02/06 02:16:51 PM"
